"TIME","GEO","UNIT","ISCED11","Value","Flag and Footnotes"
"2012","Belgium","Number","Primary education",":",""
"2012","Belgium","Number","Lower secondary education",":",""
"2012","Belgium","Number","Upper secondary education",":",""
"2012","Belgium","Number","Upper secondary education - general",":",""
"2012","Belgium","Number","Upper secondary education - vocational",":",""
"2012","Bulgaria","Number","Primary education",":",""
"2012","Bulgaria","Number","Lower secondary education",":",""
"2012","Bulgaria","Number","Upper secondary education",":",""
"2012","Bulgaria","Number","Upper secondary education - general",":",""
"2012","Bulgaria","Number","Upper secondary education - vocational",":",""
"2012","Czechia","Number","Primary education",":",""
"2012","Czechia","Number","Lower secondary education",":",""
"2012","Czechia","Number","Upper secondary education",":",""
"2012","Czechia","Number","Upper secondary education - general",":",""
"2012","Czechia","Number","Upper secondary education - vocational",":",""
"2012","Denmark","Number","Primary education","0.7",""
"2012","Denmark","Number","Lower secondary education","1.8",""
"2012","Denmark","Number","Upper secondary education","0.9",""
"2012","Denmark","Number","Upper secondary education - general","1.6",""
"2012","Denmark","Number","Upper secondary education - vocational","0.3",""
"2012","Germany (until 1990 former territory of the FRG)","Number","Primary education","0.7",""
"2012","Germany (until 1990 former territory of the FRG)","Number","Lower secondary education","1.3",""
"2012","Germany (until 1990 former territory of the FRG)","Number","Upper secondary education","0.9",""
"2012","Germany (until 1990 former territory of the FRG)","Number","Upper secondary education - general","1.5",""
"2012","Germany (until 1990 former territory of the FRG)","Number","Upper secondary education - vocational","0.4",""
"2012","Estonia","Number","Primary education",":",""
"2012","Estonia","Number","Lower secondary education",":",""
"2012","Estonia","Number","Upper secondary education",":",""
"2012","Estonia","Number","Upper secondary education - general",":",""
"2012","Estonia","Number","Upper secondary education - vocational",":",""
"2012","Ireland","Number","Primary education",":",""
"2012","Ireland","Number","Lower secondary education","1.0",""
"2012","Ireland","Number","Upper secondary education","0.9",""
"2012","Ireland","Number","Upper secondary education - general","0.9",""
"2012","Ireland","Number","Upper secondary education - vocational","1.0",""
"2012","Greece","Number","Primary education",":",""
"2012","Greece","Number","Lower secondary education",":",""
"2012","Greece","Number","Upper secondary education",":",""
"2012","Greece","Number","Upper secondary education - general",":",""
"2012","Greece","Number","Upper secondary education - vocational",":",""
"2012","Spain","Number","Primary education",":",""
"2012","Spain","Number","Lower secondary education",":",""
"2012","Spain","Number","Upper secondary education",":",""
"2012","Spain","Number","Upper secondary education - general",":",""
"2012","Spain","Number","Upper secondary education - vocational",":",""
"2012","France","Number","Primary education",":",""
"2012","France","Number","Lower secondary education",":",""
"2012","France","Number","Upper secondary education",":",""
"2012","France","Number","Upper secondary education - general",":",""
"2012","France","Number","Upper secondary education - vocational",":",""
"2012","Croatia","Number","Primary education","1.2",""
"2012","Croatia","Number","Lower secondary education","1.5",""
"2012","Croatia","Number","Upper secondary education","1.5",""
"2012","Croatia","Number","Upper secondary education - general","1.9",""
"2012","Croatia","Number","Upper secondary education - vocational","1.3",""
"2012","Italy","Number","Primary education",":",""
"2012","Italy","Number","Lower secondary education",":",""
"2012","Italy","Number","Upper secondary education",":",""
"2012","Italy","Number","Upper secondary education - general",":",""
"2012","Italy","Number","Upper secondary education - vocational",":",""
"2012","Cyprus","Number","Primary education",":",""
"2012","Cyprus","Number","Lower secondary education",":",""
"2012","Cyprus","Number","Upper secondary education",":",""
"2012","Cyprus","Number","Upper secondary education - general",":",""
"2012","Cyprus","Number","Upper secondary education - vocational",":",""
"2012","Latvia","Number","Primary education","0.9",""
"2012","Latvia","Number","Lower secondary education","1.7",""
"2012","Latvia","Number","Upper secondary education","1.6",""
"2012","Latvia","Number","Upper secondary education - general","2.0",""
"2012","Latvia","Number","Upper secondary education - vocational","1.1",""
"2012","Lithuania","Number","Primary education",":",""
"2012","Lithuania","Number","Lower secondary education",":",""
"2012","Lithuania","Number","Upper secondary education",":",""
"2012","Lithuania","Number","Upper secondary education - general",":",""
"2012","Lithuania","Number","Upper secondary education - vocational",":",""
"2012","Luxembourg","Number","Primary education",":",""
"2012","Luxembourg","Number","Lower secondary education",":",""
"2012","Luxembourg","Number","Upper secondary education",":",""
"2012","Luxembourg","Number","Upper secondary education - general",":",""
"2012","Luxembourg","Number","Upper secondary education - vocational",":",""
"2012","Hungary","Number","Primary education","0.6",""
"2012","Hungary","Number","Lower secondary education","1.0",""
"2012","Hungary","Number","Upper secondary education","1.2",""
"2012","Hungary","Number","Upper secondary education - general","1.4",""
"2012","Hungary","Number","Upper secondary education - vocational","0.7",""
"2012","Malta","Number","Primary education",":",""
"2012","Malta","Number","Lower secondary education",":",""
"2012","Malta","Number","Upper secondary education",":",""
"2012","Malta","Number","Upper secondary education - general",":",""
"2012","Malta","Number","Upper secondary education - vocational",":",""
"2012","Netherlands","Number","Primary education",":",""
"2012","Netherlands","Number","Lower secondary education",":",""
"2012","Netherlands","Number","Upper secondary education",":",""
"2012","Netherlands","Number","Upper secondary education - general",":",""
"2012","Netherlands","Number","Upper secondary education - vocational",":",""
"2012","Austria","Number","Primary education","1.0",""
"2012","Austria","Number","Lower secondary education","1.1",""
"2012","Austria","Number","Upper secondary education","1.3",""
"2012","Austria","Number","Upper secondary education - general","1.7",""
"2012","Austria","Number","Upper secondary education - vocational","1.2",""
"2012","Poland","Number","Primary education",":",""
"2012","Poland","Number","Lower secondary education",":",""
"2012","Poland","Number","Upper secondary education",":",""
"2012","Poland","Number","Upper secondary education - general",":",""
"2012","Poland","Number","Upper secondary education - vocational",":",""
"2012","Portugal","Number","Primary education","0.3",""
"2012","Portugal","Number","Lower secondary education","1.7",""
"2012","Portugal","Number","Upper secondary education","0.8",""
"2012","Portugal","Number","Upper secondary education - general","0.7",""
"2012","Portugal","Number","Upper secondary education - vocational","1.0",""
"2012","Romania","Number","Primary education","0.6",""
"2012","Romania","Number","Lower secondary education","2.0",""
"2012","Romania","Number","Upper secondary education","2.0",""
"2012","Romania","Number","Upper secondary education - general","2.0",""
"2012","Romania","Number","Upper secondary education - vocational","2.0",""
"2012","Slovenia","Number","Primary education",":",""
"2012","Slovenia","Number","Lower secondary education",":",""
"2012","Slovenia","Number","Upper secondary education",":",""
"2012","Slovenia","Number","Upper secondary education - general",":",""
"2012","Slovenia","Number","Upper secondary education - vocational",":",""
"2012","Slovakia","Number","Primary education",":",""
"2012","Slovakia","Number","Lower secondary education",":",""
"2012","Slovakia","Number","Upper secondary education",":",""
"2012","Slovakia","Number","Upper secondary education - general",":",""
"2012","Slovakia","Number","Upper secondary education - vocational",":",""
"2012","Finland","Number","Primary education",":",""
"2012","Finland","Number","Lower secondary education",":",""
"2012","Finland","Number","Upper secondary education",":",""
"2012","Finland","Number","Upper secondary education - general",":",""
"2012","Finland","Number","Upper secondary education - vocational",":",""
"2012","Sweden","Number","Primary education",":",""
"2012","Sweden","Number","Lower secondary education",":",""
"2012","Sweden","Number","Upper secondary education",":",""
"2012","Sweden","Number","Upper secondary education - general",":",""
"2012","Sweden","Number","Upper secondary education - vocational",":",""
"2012","Iceland","Number","Primary education",":",""
"2012","Iceland","Number","Lower secondary education",":",""
"2012","Iceland","Number","Upper secondary education",":",""
"2012","Iceland","Number","Upper secondary education - general",":",""
"2012","Iceland","Number","Upper secondary education - vocational",":",""
"2012","Liechtenstein","Number","Primary education",":",""
"2012","Liechtenstein","Number","Lower secondary education",":",""
"2012","Liechtenstein","Number","Upper secondary education",":",""
"2012","Liechtenstein","Number","Upper secondary education - general",":",""
"2012","Liechtenstein","Number","Upper secondary education - vocational",":",""
"2012","Norway","Number","Primary education",":",""
"2012","Norway","Number","Lower secondary education",":",""
"2012","Norway","Number","Upper secondary education",":",""
"2012","Norway","Number","Upper secondary education - general",":",""
"2012","Norway","Number","Upper secondary education - vocational",":",""
"2012","United Kingdom","Number","Primary education",":",""
"2012","United Kingdom","Number","Lower secondary education",":",""
"2012","United Kingdom","Number","Upper secondary education",":",""
"2012","United Kingdom","Number","Upper secondary education - general",":",""
"2012","United Kingdom","Number","Upper secondary education - vocational",":",""
"2012","North Macedonia","Number","Primary education",":",""
"2012","North Macedonia","Number","Lower secondary education",":",""
"2012","North Macedonia","Number","Upper secondary education",":",""
"2012","North Macedonia","Number","Upper secondary education - general",":",""
"2012","North Macedonia","Number","Upper secondary education - vocational",":",""
"2012","Serbia","Number","Primary education",":",""
"2012","Serbia","Number","Lower secondary education",":",""
"2012","Serbia","Number","Upper secondary education",":",""
"2012","Serbia","Number","Upper secondary education - general",":",""
"2012","Serbia","Number","Upper secondary education - vocational",":",""
"2013","Belgium","Number","Primary education","0.4",""
"2013","Belgium","Number","Lower secondary education","1.3",""
"2013","Belgium","Number","Upper secondary education","1.7",""
"2013","Belgium","Number","Upper secondary education - general","2.1",""
"2013","Belgium","Number","Upper secondary education - vocational","1.3",""
"2013","Bulgaria","Number","Primary education","0.8",""
"2013","Bulgaria","Number","Lower secondary education","1.2",""
"2013","Bulgaria","Number","Upper secondary education","1.6",""
"2013","Bulgaria","Number","Upper secondary education - general","1.7",""
"2013","Bulgaria","Number","Upper secondary education - vocational","1.5",""
"2013","Czechia","Number","Primary education","0.7",""
"2013","Czechia","Number","Lower secondary education","1.4",""
"2013","Czechia","Number","Upper secondary education","1.5",""
"2013","Czechia","Number","Upper secondary education - general","1.9",""
"2013","Czechia","Number","Upper secondary education - vocational","1.3",""
"2013","Denmark","Number","Primary education","0.6",""
"2013","Denmark","Number","Lower secondary education","1.8",""
"2013","Denmark","Number","Upper secondary education","0.9",""
"2013","Denmark","Number","Upper secondary education - general","1.5",""
"2013","Denmark","Number","Upper secondary education - vocational","0.3",""
"2013","Germany (until 1990 former territory of the FRG)","Number","Primary education","0.7",""
"2013","Germany (until 1990 former territory of the FRG)","Number","Lower secondary education","1.3",""
"2013","Germany (until 1990 former territory of the FRG)","Number","Upper secondary education","0.9",""
"2013","Germany (until 1990 former territory of the FRG)","Number","Upper secondary education - general","1.4",""
"2013","Germany (until 1990 former territory of the FRG)","Number","Upper secondary education - vocational","0.4",""
"2013","Estonia","Number","Primary education","1.1",""
"2013","Estonia","Number","Lower secondary education","2.0",""
"2013","Estonia","Number","Upper secondary education","1.9",""
"2013","Estonia","Number","Upper secondary education - general","2.2",""
"2013","Estonia","Number","Upper secondary education - vocational","1.5",""
"2013","Ireland","Number","Primary education",":",""
"2013","Ireland","Number","Lower secondary education","1.0",""
"2013","Ireland","Number","Upper secondary education","0.9",""
"2013","Ireland","Number","Upper secondary education - general","0.9",""
"2013","Ireland","Number","Upper secondary education - vocational",":","z"
"2013","Greece","Number","Primary education","1.0",""
"2013","Greece","Number","Lower secondary education","1.9",""
"2013","Greece","Number","Upper secondary education","0.9",""
"2013","Greece","Number","Upper secondary education - general","1.0",""
"2013","Greece","Number","Upper secondary education - vocational","0.6",""
"2013","Spain","Number","Primary education","1.1",""
"2013","Spain","Number","Lower secondary education","1.4",""
"2013","Spain","Number","Upper secondary education","1.0",""
"2013","Spain","Number","Upper secondary education - general","1.3",""
"2013","Spain","Number","Upper secondary education - vocational","0.2",""
"2013","France","Number","Primary education","1.0",""
"2013","France","Number","Lower secondary education","1.5",""
"2013","France","Number","Upper secondary education","1.8",""
"2013","France","Number","Upper secondary education - general","2.0",""
"2013","France","Number","Upper secondary education - vocational","1.3",""
"2013","Croatia","Number","Primary education","1.2",""
"2013","Croatia","Number","Lower secondary education","1.5",""
"2013","Croatia","Number","Upper secondary education","1.5",""
"2013","Croatia","Number","Upper secondary education - general","1.9",""
"2013","Croatia","Number","Upper secondary education - vocational","1.2",""
"2013","Italy","Number","Primary education","1.0",""
"2013","Italy","Number","Lower secondary education","2.0",""
"2013","Italy","Number","Upper secondary education","1.4",""
"2013","Italy","Number","Upper secondary education - general","1.3",""
"2013","Italy","Number","Upper secondary education - vocational","1.4",""
"2013","Cyprus","Number","Primary education","1.0",""
"2013","Cyprus","Number","Lower secondary education","1.9",""
"2013","Cyprus","Number","Upper secondary education","1.8",""
"2013","Cyprus","Number","Upper secondary education - general","1.8",""
"2013","Cyprus","Number","Upper secondary education - vocational","1.2",""
"2013","Latvia","Number","Primary education","0.9",""
"2013","Latvia","Number","Lower secondary education","1.7",""
"2013","Latvia","Number","Upper secondary education","1.5",""
"2013","Latvia","Number","Upper secondary education - general","1.9",""
"2013","Latvia","Number","Upper secondary education - vocational","0.9",""
"2013","Lithuania","Number","Primary education","0.7",""
"2013","Lithuania","Number","Lower secondary education","1.8",""
"2013","Lithuania","Number","Upper secondary education","1.3",""
"2013","Lithuania","Number","Upper secondary education - general","1.4",""
"2013","Lithuania","Number","Upper secondary education - vocational","0.9",""
"2013","Luxembourg","Number","Primary education","1.8",""
"2013","Luxembourg","Number","Lower secondary education","2.5",""
"2013","Luxembourg","Number","Upper secondary education","2.4",""
"2013","Luxembourg","Number","Upper secondary education - general","3.0",""
"2013","Luxembourg","Number","Upper secondary education - vocational","2.1",""
"2013","Hungary","Number","Primary education","0.6",""
"2013","Hungary","Number","Lower secondary education","1.0",""
"2013","Hungary","Number","Upper secondary education","1.2",""
"2013","Hungary","Number","Upper secondary education - general","1.4",""
"2013","Hungary","Number","Upper secondary education - vocational","0.8",""
"2013","Malta","Number","Primary education","1.0",""
"2013","Malta","Number","Lower secondary education","2.2",""
"2013","Malta","Number","Upper secondary education","1.7",""
"2013","Malta","Number","Upper secondary education - general","1.8",""
"2013","Malta","Number","Upper secondary education - vocational","1.0",""
"2013","Netherlands","Number","Primary education","0.5",""
"2013","Netherlands","Number","Lower secondary education","2.1",""
"2013","Netherlands","Number","Upper secondary education","1.2",""
"2013","Netherlands","Number","Upper secondary education - general","1.8",""
"2013","Netherlands","Number","Upper secondary education - vocational","0.9",""
"2013","Austria","Number","Primary education","1.0",""
"2013","Austria","Number","Lower secondary education","1.1",""
"2013","Austria","Number","Upper secondary education","1.4",""
"2013","Austria","Number","Upper secondary education - general","1.7",""
"2013","Austria","Number","Upper secondary education - vocational","1.2","b"
"2013","Poland","Number","Primary education","1.0",""
"2013","Poland","Number","Lower secondary education","1.8",""
"2013","Poland","Number","Upper secondary education","1.6",""
"2013","Poland","Number","Upper secondary education - general","1.6",""
"2013","Poland","Number","Upper secondary education - vocational","1.6",""
"2013","Portugal","Number","Primary education","0.4",""
"2013","Portugal","Number","Lower secondary education","1.8",""
"2013","Portugal","Number","Upper secondary education","0.8",""
"2013","Portugal","Number","Upper secondary education - general","0.7",""
"2013","Portugal","Number","Upper secondary education - vocational","1.0",""
"2013","Romania","Number","Primary education","0.6",""
"2013","Romania","Number","Lower secondary education","2.0",""
"2013","Romania","Number","Upper secondary education","2.0",""
"2013","Romania","Number","Upper secondary education - general","2.0",""
"2013","Romania","Number","Upper secondary education - vocational","2.0",""
"2013","Slovenia","Number","Primary education","0.5",""
"2013","Slovenia","Number","Lower secondary education","1.3",""
"2013","Slovenia","Number","Upper secondary education","1.5",""
"2013","Slovenia","Number","Upper secondary education - general","2.0",""
"2013","Slovenia","Number","Upper secondary education - vocational","1.3",""
"2013","Slovakia","Number","Primary education","0.9",""
"2013","Slovakia","Number","Lower secondary education","1.8",""
"2013","Slovakia","Number","Upper secondary education","1.8",""
"2013","Slovakia","Number","Upper secondary education - general","2.0",""
"2013","Slovakia","Number","Upper secondary education - vocational","1.7",""
"2013","Finland","Number","Primary education","0.8",""
"2013","Finland","Number","Lower secondary education","2.2",""
"2013","Finland","Number","Upper secondary education","2.2",""
"2013","Finland","Number","Upper secondary education - general","2.5",""
"2013","Finland","Number","Upper secondary education - vocational","1.9",""
"2013","Sweden","Number","Primary education","0.9",""
"2013","Sweden","Number","Lower secondary education","1.9",""
"2013","Sweden","Number","Upper secondary education","1.6",""
"2013","Sweden","Number","Upper secondary education - general","2.0",""
"2013","Sweden","Number","Upper secondary education - vocational","1.1",""
"2013","Iceland","Number","Primary education","0.9",""
"2013","Iceland","Number","Lower secondary education","2.0",""
"2013","Iceland","Number","Upper secondary education","1.3",""
"2013","Iceland","Number","Upper secondary education - general","1.6",""
"2013","Iceland","Number","Upper secondary education - vocational","0.6",""
"2013","Liechtenstein","Number","Primary education","1.0",""
"2013","Liechtenstein","Number","Lower secondary education","2.0",""
"2013","Liechtenstein","Number","Upper secondary education","2.0",""
"2013","Liechtenstein","Number","Upper secondary education - general","2.0",""
"2013","Liechtenstein","Number","Upper secondary education - vocational",":","z"
"2013","Norway","Number","Primary education","1.0",""
"2013","Norway","Number","Lower secondary education","1.7",""
"2013","Norway","Number","Upper secondary education","1.0",""
"2013","Norway","Number","Upper secondary education - general","1.0",""
"2013","Norway","Number","Upper secondary education - vocational","0.9",""
"2013","United Kingdom","Number","Primary education",":",""
"2013","United Kingdom","Number","Lower secondary education",":",""
"2013","United Kingdom","Number","Upper secondary education",":",""
"2013","United Kingdom","Number","Upper secondary education - general",":",""
"2013","United Kingdom","Number","Upper secondary education - vocational",":",""
"2013","North Macedonia","Number","Primary education","1.0",""
"2013","North Macedonia","Number","Lower secondary education","2.0",""
"2013","North Macedonia","Number","Upper secondary education","1.5",""
"2013","North Macedonia","Number","Upper secondary education - general","1.5","d"
"2013","North Macedonia","Number","Upper secondary education - vocational",":","d"
"2013","Serbia","Number","Primary education",":",""
"2013","Serbia","Number","Lower secondary education",":",""
"2013","Serbia","Number","Upper secondary education",":",""
"2013","Serbia","Number","Upper secondary education - general",":",""
"2013","Serbia","Number","Upper secondary education - vocational",":",""
"2014","Belgium","Number","Primary education","0.4",""
"2014","Belgium","Number","Lower secondary education","1.2",""
"2014","Belgium","Number","Upper secondary education","1.7",""
"2014","Belgium","Number","Upper secondary education - general","2.2",""
"2014","Belgium","Number","Upper secondary education - vocational","1.4",""
"2014","Bulgaria","Number","Primary education","0.8",""
"2014","Bulgaria","Number","Lower secondary education","1.2",""
"2014","Bulgaria","Number","Upper secondary education","1.6",""
"2014","Bulgaria","Number","Upper secondary education - general","1.8",""
"2014","Bulgaria","Number","Upper secondary education - vocational","1.4",""
"2014","Czechia","Number","Primary education","0.7",""
"2014","Czechia","Number","Lower secondary education","1.6",""
"2014","Czechia","Number","Upper secondary education","1.4",""
"2014","Czechia","Number","Upper secondary education - general","1.9",""
"2014","Czechia","Number","Upper secondary education - vocational","1.3",""
"2014","Denmark","Number","Primary education","0.6",""
"2014","Denmark","Number","Lower secondary education","1.8",""
"2014","Denmark","Number","Upper secondary education","1.0",""
"2014","Denmark","Number","Upper secondary education - general","1.5",""
"2014","Denmark","Number","Upper secondary education - vocational","0.3",""
"2014","Germany (until 1990 former territory of the FRG)","Number","Primary education","0.7",""
"2014","Germany (until 1990 former territory of the FRG)","Number","Lower secondary education","1.3","d"
"2014","Germany (until 1990 former territory of the FRG)","Number","Upper secondary education","0.9",""
"2014","Germany (until 1990 former territory of the FRG)","Number","Upper secondary education - general","1.4",""
"2014","Germany (until 1990 former territory of the FRG)","Number","Upper secondary education - vocational","0.4",""
"2014","Estonia","Number","Primary education","1.1",""
"2014","Estonia","Number","Lower secondary education","2.0",""
"2014","Estonia","Number","Upper secondary education","1.9",""
"2014","Estonia","Number","Upper secondary education - general","2.3",""
"2014","Estonia","Number","Upper secondary education - vocational","1.2",""
"2014","Ireland","Number","Primary education",":","z"
"2014","Ireland","Number","Lower secondary education","1.0",""
"2014","Ireland","Number","Upper secondary education",":",""
"2014","Ireland","Number","Upper secondary education - general","1.0",""
"2014","Ireland","Number","Upper secondary education - vocational",":",""
"2014","Greece","Number","Primary education","1.1",""
"2014","Greece","Number","Lower secondary education","1.9",""
"2014","Greece","Number","Upper secondary education","0.9",""
"2014","Greece","Number","Upper secondary education - general","1.0",""
"2014","Greece","Number","Upper secondary education - vocational","0.6",""
"2014","Spain","Number","Primary education","1.1",""
"2014","Spain","Number","Lower secondary education","1.5",""
"2014","Spain","Number","Upper secondary education","1.0",""
"2014","Spain","Number","Upper secondary education - general","1.2",""
"2014","Spain","Number","Upper secondary education - vocational","0.2",""
"2014","France","Number","Primary education","1.0",""
"2014","France","Number","Lower secondary education","1.6",""
"2014","France","Number","Upper secondary education","1.8",""
"2014","France","Number","Upper secondary education - general","2.1",""
"2014","France","Number","Upper secondary education - vocational","1.3",""
"2014","Croatia","Number","Primary education","1.2",""
"2014","Croatia","Number","Lower secondary education","1.6",""
"2014","Croatia","Number","Upper secondary education","1.4",""
"2014","Croatia","Number","Upper secondary education - general","1.9",""
"2014","Croatia","Number","Upper secondary education - vocational","1.2",""
"2014","Italy","Number","Primary education","1.0",""
"2014","Italy","Number","Lower secondary education","2.0",""
"2014","Italy","Number","Upper secondary education","1.4",""
"2014","Italy","Number","Upper secondary education - general","1.4",""
"2014","Italy","Number","Upper secondary education - vocational","1.5",""
"2014","Cyprus","Number","Primary education","1.0",""
"2014","Cyprus","Number","Lower secondary education","1.9",""
"2014","Cyprus","Number","Upper secondary education","1.7",""
"2014","Cyprus","Number","Upper secondary education - general","1.8",""
"2014","Cyprus","Number","Upper secondary education - vocational","1.2",""
"2014","Latvia","Number","Primary education","0.9",""
"2014","Latvia","Number","Lower secondary education","1.7",""
"2014","Latvia","Number","Upper secondary education","1.7",""
"2014","Latvia","Number","Upper secondary education - general","1.9",""
"2014","Latvia","Number","Upper secondary education - vocational","1.4",""
"2014","Lithuania","Number","Primary education","0.7",""
"2014","Lithuania","Number","Lower secondary education","1.8",""
"2014","Lithuania","Number","Upper secondary education","1.3",""
"2014","Lithuania","Number","Upper secondary education - general","1.4",""
"2014","Lithuania","Number","Upper secondary education - vocational","0.9",""
"2014","Luxembourg","Number","Primary education","1.8",""
"2014","Luxembourg","Number","Lower secondary education","2.5",""
"2014","Luxembourg","Number","Upper secondary education","2.4",""
"2014","Luxembourg","Number","Upper secondary education - general","3.0",""
"2014","Luxembourg","Number","Upper secondary education - vocational","2.1",""
"2014","Hungary","Number","Primary education","0.6",""
"2014","Hungary","Number","Lower secondary education","1.0",""
"2014","Hungary","Number","Upper secondary education","1.3",""
"2014","Hungary","Number","Upper secondary education - general","1.4",""
"2014","Hungary","Number","Upper secondary education - vocational","0.8",""
"2014","Malta","Number","Primary education","1.0",""
"2014","Malta","Number","Lower secondary education","2.1",""
"2014","Malta","Number","Upper secondary education","1.7",""
"2014","Malta","Number","Upper secondary education - general","1.8",""
"2014","Malta","Number","Upper secondary education - vocational","1.0",""
"2014","Netherlands","Number","Primary education",":",""
"2014","Netherlands","Number","Lower secondary education","2.1",""
"2014","Netherlands","Number","Upper secondary education",":",""
"2014","Netherlands","Number","Upper secondary education - general","1.7",""
"2014","Netherlands","Number","Upper secondary education - vocational",":",""
"2014","Austria","Number","Primary education","1.0",""
"2014","Austria","Number","Lower secondary education","1.1",""
"2014","Austria","Number","Upper secondary education","1.4",""
"2014","Austria","Number","Upper secondary education - general","1.7",""
"2014","Austria","Number","Upper secondary education - vocational","1.2",""
"2014","Poland","Number","Primary education","1.0",""
"2014","Poland","Number","Lower secondary education","1.8",""
"2014","Poland","Number","Upper secondary education","1.6",""
"2014","Poland","Number","Upper secondary education - general","1.6",""
"2014","Poland","Number","Upper secondary education - vocational","1.6",""
"2014","Portugal","Number","Primary education","0.4",""
"2014","Portugal","Number","Lower secondary education","1.8",""
"2014","Portugal","Number","Upper secondary education","0.9",""
"2014","Portugal","Number","Upper secondary education - general","0.8",""
"2014","Portugal","Number","Upper secondary education - vocational","1.0",""
"2014","Romania","Number","Primary education","0.8",""
"2014","Romania","Number","Lower secondary education","2.0",""
"2014","Romania","Number","Upper secondary education","2.0",""
"2014","Romania","Number","Upper secondary education - general","2.0",""
"2014","Romania","Number","Upper secondary education - vocational","2.0",""
"2014","Slovenia","Number","Primary education","0.5",""
"2014","Slovenia","Number","Lower secondary education","1.6",""
"2014","Slovenia","Number","Upper secondary education","1.5",""
"2014","Slovenia","Number","Upper secondary education - general","2.0",""
"2014","Slovenia","Number","Upper secondary education - vocational","1.3",""
"2014","Slovakia","Number","Primary education","0.9",""
"2014","Slovakia","Number","Lower secondary education","1.8",""
"2014","Slovakia","Number","Upper secondary education","1.7",""
"2014","Slovakia","Number","Upper secondary education - general","2.0",""
"2014","Slovakia","Number","Upper secondary education - vocational","1.6",""
"2014","Finland","Number","Primary education","0.8",""
"2014","Finland","Number","Lower secondary education","2.2",""
"2014","Finland","Number","Upper secondary education","2.2",""
"2014","Finland","Number","Upper secondary education - general","2.5",""
"2014","Finland","Number","Upper secondary education - vocational","1.9",""
"2014","Sweden","Number","Primary education","1.0",""
"2014","Sweden","Number","Lower secondary education","1.8",""
"2014","Sweden","Number","Upper secondary education","1.6",""
"2014","Sweden","Number","Upper secondary education - general","1.9",""
"2014","Sweden","Number","Upper secondary education - vocational","1.1",""
"2014","Iceland","Number","Primary education","0.9",""
"2014","Iceland","Number","Lower secondary education","2.0",""
"2014","Iceland","Number","Upper secondary education","1.3",""
"2014","Iceland","Number","Upper secondary education - general","1.7",""
"2014","Iceland","Number","Upper secondary education - vocational","0.6",""
"2014","Liechtenstein","Number","Primary education","1.0",""
"2014","Liechtenstein","Number","Lower secondary education","2.0",""
"2014","Liechtenstein","Number","Upper secondary education","2.0",""
"2014","Liechtenstein","Number","Upper secondary education - general","2.0",""
"2014","Liechtenstein","Number","Upper secondary education - vocational",":","z"
"2014","Norway","Number","Primary education","1.0",""
"2014","Norway","Number","Lower secondary education","1.7",""
"2014","Norway","Number","Upper secondary education","0.8",""
"2014","Norway","Number","Upper secondary education - general","1.0",""
"2014","Norway","Number","Upper secondary education - vocational","0.6",""
"2014","United Kingdom","Number","Primary education",":",""
"2014","United Kingdom","Number","Lower secondary education",":",""
"2014","United Kingdom","Number","Upper secondary education",":",""
"2014","United Kingdom","Number","Upper secondary education - general",":",""
"2014","United Kingdom","Number","Upper secondary education - vocational",":",""
"2014","North Macedonia","Number","Primary education","1.0",""
"2014","North Macedonia","Number","Lower secondary education","2.0",""
"2014","North Macedonia","Number","Upper secondary education","1.5",""
"2014","North Macedonia","Number","Upper secondary education - general","1.5","d"
"2014","North Macedonia","Number","Upper secondary education - vocational",":","d"
"2014","Serbia","Number","Primary education",":",""
"2014","Serbia","Number","Lower secondary education",":",""
"2014","Serbia","Number","Upper secondary education",":",""
"2014","Serbia","Number","Upper secondary education - general",":",""
"2014","Serbia","Number","Upper secondary education - vocational",":",""
"2015","Belgium","Number","Primary education","0.4",""
"2015","Belgium","Number","Lower secondary education","1.3",""
"2015","Belgium","Number","Upper secondary education","1.6",""
"2015","Belgium","Number","Upper secondary education - general","2.2",""
"2015","Belgium","Number","Upper secondary education - vocational","1.2",""
"2015","Bulgaria","Number","Primary education","0.8",""
"2015","Bulgaria","Number","Lower secondary education","1.2",""
"2015","Bulgaria","Number","Upper secondary education","1.6",""
"2015","Bulgaria","Number","Upper secondary education - general","1.8",""
"2015","Bulgaria","Number","Upper secondary education - vocational","1.4",""
"2015","Czechia","Number","Primary education","0.7",""
"2015","Czechia","Number","Lower secondary education","1.6",""
"2015","Czechia","Number","Upper secondary education","1.5",""
"2015","Czechia","Number","Upper secondary education - general","2.0",""
"2015","Czechia","Number","Upper secondary education - vocational","1.3",""
"2015","Denmark","Number","Primary education","0.6","e"
"2015","Denmark","Number","Lower secondary education","1.8","e"
"2015","Denmark","Number","Upper secondary education","1.0","e"
"2015","Denmark","Number","Upper secondary education - general","1.5","e"
"2015","Denmark","Number","Upper secondary education - vocational","0.3","e"
"2015","Germany (until 1990 former territory of the FRG)","Number","Primary education","0.7",""
"2015","Germany (until 1990 former territory of the FRG)","Number","Lower secondary education","1.3",""
"2015","Germany (until 1990 former territory of the FRG)","Number","Upper secondary education","1.0",""
"2015","Germany (until 1990 former territory of the FRG)","Number","Upper secondary education - general","1.4",""
"2015","Germany (until 1990 former territory of the FRG)","Number","Upper secondary education - vocational","0.4",""
"2015","Estonia","Number","Primary education","1.1",""
"2015","Estonia","Number","Lower secondary education","2.0",""
"2015","Estonia","Number","Upper secondary education","1.8",""
"2015","Estonia","Number","Upper secondary education - general","2.2",""
"2015","Estonia","Number","Upper secondary education - vocational","1.1",""
"2015","Ireland","Number","Primary education",":","z"
"2015","Ireland","Number","Lower secondary education","1.0",""
"2015","Ireland","Number","Upper secondary education",":",""
"2015","Ireland","Number","Upper secondary education - general","1.0",""
"2015","Ireland","Number","Upper secondary education - vocational",":",""
"2015","Greece","Number","Primary education","1.1",""
"2015","Greece","Number","Lower secondary education","2.0","d"
"2015","Greece","Number","Upper secondary education","0.8","d"
"2015","Greece","Number","Upper secondary education - general","1.0","d"
"2015","Greece","Number","Upper secondary education - vocational","0.5",""
"2015","Spain","Number","Primary education","1.1",""
"2015","Spain","Number","Lower secondary education","1.5",""
"2015","Spain","Number","Upper secondary education","1.0",""
"2015","Spain","Number","Upper secondary education - general","1.3",""
"2015","Spain","Number","Upper secondary education - vocational","0.3",""
"2015","France","Number","Primary education","1.0",""
"2015","France","Number","Lower secondary education","1.6",""
"2015","France","Number","Upper secondary education","1.8",""
"2015","France","Number","Upper secondary education - general","2.1",""
"2015","France","Number","Upper secondary education - vocational","1.3",""
"2015","Croatia","Number","Primary education","1.2",""
"2015","Croatia","Number","Lower secondary education","1.6",""
"2015","Croatia","Number","Upper secondary education","1.5",""
"2015","Croatia","Number","Upper secondary education - general","1.9",""
"2015","Croatia","Number","Upper secondary education - vocational","1.3",""
"2015","Italy","Number","Primary education","1.0",""
"2015","Italy","Number","Lower secondary education","1.9",""
"2015","Italy","Number","Upper secondary education","1.4",""
"2015","Italy","Number","Upper secondary education - general","1.4",""
"2015","Italy","Number","Upper secondary education - vocational","1.4",""
"2015","Cyprus","Number","Primary education","1.0",""
"2015","Cyprus","Number","Lower secondary education","1.9",""
"2015","Cyprus","Number","Upper secondary education","1.7",""
"2015","Cyprus","Number","Upper secondary education - general","1.8",""
"2015","Cyprus","Number","Upper secondary education - vocational","1.2",""
"2015","Latvia","Number","Primary education","1.0",""
"2015","Latvia","Number","Lower secondary education","1.7",""
"2015","Latvia","Number","Upper secondary education","1.7",""
"2015","Latvia","Number","Upper secondary education - general","1.9",""
"2015","Latvia","Number","Upper secondary education - vocational","1.3",""
"2015","Lithuania","Number","Primary education","0.7",""
"2015","Lithuania","Number","Lower secondary education","1.8",""
"2015","Lithuania","Number","Upper secondary education","1.3",""
"2015","Lithuania","Number","Upper secondary education - general","1.4",""
"2015","Lithuania","Number","Upper secondary education - vocational","0.9",""
"2015","Luxembourg","Number","Primary education","1.8",""
"2015","Luxembourg","Number","Lower secondary education","2.6",""
"2015","Luxembourg","Number","Upper secondary education","2.4",""
"2015","Luxembourg","Number","Upper secondary education - general","3.0",""
"2015","Luxembourg","Number","Upper secondary education - vocational","2.1",""
"2015","Hungary","Number","Primary education","0.6",""
"2015","Hungary","Number","Lower secondary education","1.0",""
"2015","Hungary","Number","Upper secondary education","1.3",""
"2015","Hungary","Number","Upper secondary education - general","1.4",""
"2015","Hungary","Number","Upper secondary education - vocational","0.8",""
"2015","Malta","Number","Primary education","1.0",""
"2015","Malta","Number","Lower secondary education","2.1",""
"2015","Malta","Number","Upper secondary education","1.6",""
"2015","Malta","Number","Upper secondary education - general","1.8",""
"2015","Malta","Number","Upper secondary education - vocational","1.0",""
"2015","Netherlands","Number","Primary education","0.4",""
"2015","Netherlands","Number","Lower secondary education","2.0",""
"2015","Netherlands","Number","Upper secondary education","1.2",""
"2015","Netherlands","Number","Upper secondary education - general","1.7",""
"2015","Netherlands","Number","Upper secondary education - vocational","0.9",""
"2015","Austria","Number","Primary education","1.0",""
"2015","Austria","Number","Lower secondary education","1.1",""
"2015","Austria","Number","Upper secondary education","1.4",""
"2015","Austria","Number","Upper secondary education - general","1.8",""
"2015","Austria","Number","Upper secondary education - vocational","1.2",""
"2015","Poland","Number","Primary education","1.0",""
"2015","Poland","Number","Lower secondary education","1.8",""
"2015","Poland","Number","Upper secondary education","1.7",""
"2015","Poland","Number","Upper secondary education - general","1.7",""
"2015","Poland","Number","Upper secondary education - vocational","1.7",""
"2015","Portugal","Number","Primary education","0.4",""
"2015","Portugal","Number","Lower secondary education","1.8",""
"2015","Portugal","Number","Upper secondary education","0.9",""
"2015","Portugal","Number","Upper secondary education - general","0.8",""
"2015","Portugal","Number","Upper secondary education - vocational","1.0",""
"2015","Romania","Number","Primary education","1.0",""
"2015","Romania","Number","Lower secondary education","2.0",""
"2015","Romania","Number","Upper secondary education","2.0",""
"2015","Romania","Number","Upper secondary education - general","2.0",""
"2015","Romania","Number","Upper secondary education - vocational","2.0",""
"2015","Slovenia","Number","Primary education","0.5",""
"2015","Slovenia","Number","Lower secondary education","1.5",""
"2015","Slovenia","Number","Upper secondary education","1.5",""
"2015","Slovenia","Number","Upper secondary education - general","2.0",""
"2015","Slovenia","Number","Upper secondary education - vocational","1.3",""
"2015","Slovakia","Number","Primary education","0.9",""
"2015","Slovakia","Number","Lower secondary education","1.8",""
"2015","Slovakia","Number","Upper secondary education","1.7",""
"2015","Slovakia","Number","Upper secondary education - general","2.0",""
"2015","Slovakia","Number","Upper secondary education - vocational","1.5",""
"2015","Finland","Number","Primary education","0.8",""
"2015","Finland","Number","Lower secondary education","2.2",""
"2015","Finland","Number","Upper secondary education","2.2",""
"2015","Finland","Number","Upper secondary education - general","2.5",""
"2015","Finland","Number","Upper secondary education - vocational","1.9",""
"2015","Sweden","Number","Primary education","1.0",""
"2015","Sweden","Number","Lower secondary education","1.8",""
"2015","Sweden","Number","Upper secondary education","1.6",""
"2015","Sweden","Number","Upper secondary education - general","1.9",""
"2015","Sweden","Number","Upper secondary education - vocational","1.1",""
"2015","Iceland","Number","Primary education","0.9",""
"2015","Iceland","Number","Lower secondary education","2.0",""
"2015","Iceland","Number","Upper secondary education","1.3",""
"2015","Iceland","Number","Upper secondary education - general","1.7",""
"2015","Iceland","Number","Upper secondary education - vocational","0.6",""
"2015","Liechtenstein","Number","Primary education","1.0",""
"2015","Liechtenstein","Number","Lower secondary education","2.0",""
"2015","Liechtenstein","Number","Upper secondary education","1.8",""
"2015","Liechtenstein","Number","Upper secondary education - general","1.8",""
"2015","Liechtenstein","Number","Upper secondary education - vocational",":","z"
"2015","Norway","Number","Primary education","1.0",""
"2015","Norway","Number","Lower secondary education","1.7",""
"2015","Norway","Number","Upper secondary education","0.7",""
"2015","Norway","Number","Upper secondary education - general","0.9",""
"2015","Norway","Number","Upper secondary education - vocational","0.5",""
"2015","United Kingdom","Number","Primary education",":",""
"2015","United Kingdom","Number","Lower secondary education",":",""
"2015","United Kingdom","Number","Upper secondary education",":",""
"2015","United Kingdom","Number","Upper secondary education - general",":",""
"2015","United Kingdom","Number","Upper secondary education - vocational",":",""
"2015","North Macedonia","Number","Primary education","1.0",""
"2015","North Macedonia","Number","Lower secondary education","2.0",""
"2015","North Macedonia","Number","Upper secondary education",":","d"
"2015","North Macedonia","Number","Upper secondary education - general","1.5","d"
"2015","North Macedonia","Number","Upper secondary education - vocational",":","d"
"2015","Serbia","Number","Primary education",":",""
"2015","Serbia","Number","Lower secondary education",":",""
"2015","Serbia","Number","Upper secondary education",":",""
"2015","Serbia","Number","Upper secondary education - general",":",""
"2015","Serbia","Number","Upper secondary education - vocational",":",""
"2016","Belgium","Number","Primary education","0.4",""
"2016","Belgium","Number","Lower secondary education","1.3",""
"2016","Belgium","Number","Upper secondary education","1.7",""
"2016","Belgium","Number","Upper secondary education - general","2.2",""
"2016","Belgium","Number","Upper secondary education - vocational","1.3",""
"2016","Bulgaria","Number","Primary education","0.8",""
"2016","Bulgaria","Number","Lower secondary education","1.2",""
"2016","Bulgaria","Number","Upper secondary education","1.6",""
"2016","Bulgaria","Number","Upper secondary education - general","1.8",""
"2016","Bulgaria","Number","Upper secondary education - vocational","1.5",""
"2016","Czechia","Number","Primary education","0.8",""
"2016","Czechia","Number","Lower secondary education","1.6",""
"2016","Czechia","Number","Upper secondary education","1.5",""
"2016","Czechia","Number","Upper secondary education - general","2.0",""
"2016","Czechia","Number","Upper secondary education - vocational","1.3",""
"2016","Denmark","Number","Primary education","0.9",""
"2016","Denmark","Number","Lower secondary education","1.8",""
"2016","Denmark","Number","Upper secondary education","0.9",""
"2016","Denmark","Number","Upper secondary education - general","1.4",""
"2016","Denmark","Number","Upper secondary education - vocational","0.2",""
"2016","Germany (until 1990 former territory of the FRG)","Number","Primary education","0.7",""
"2016","Germany (until 1990 former territory of the FRG)","Number","Lower secondary education","1.3",""
"2016","Germany (until 1990 former territory of the FRG)","Number","Upper secondary education","1.0",""
"2016","Germany (until 1990 former territory of the FRG)","Number","Upper secondary education - general","1.4",""
"2016","Germany (until 1990 former territory of the FRG)","Number","Upper secondary education - vocational","0.4",""
"2016","Estonia","Number","Primary education","1.1",""
"2016","Estonia","Number","Lower secondary education","2.0",""
"2016","Estonia","Number","Upper secondary education","1.7",""
"2016","Estonia","Number","Upper secondary education - general","2.2",""
"2016","Estonia","Number","Upper secondary education - vocational","0.8",""
"2016","Ireland","Number","Primary education",":","z"
"2016","Ireland","Number","Lower secondary education","1.0",""
"2016","Ireland","Number","Upper secondary education",":",""
"2016","Ireland","Number","Upper secondary education - general","1.0",""
"2016","Ireland","Number","Upper secondary education - vocational",":",""
"2016","Greece","Number","Primary education","1.1",""
"2016","Greece","Number","Lower secondary education","1.9",""
"2016","Greece","Number","Upper secondary education","0.9",""
"2016","Greece","Number","Upper secondary education - general","1.0",""
"2016","Greece","Number","Upper secondary education - vocational","0.7",""
"2016","Spain","Number","Primary education","1.1",""
"2016","Spain","Number","Lower secondary education","1.5",""
"2016","Spain","Number","Upper secondary education","1.1",""
"2016","Spain","Number","Upper secondary education - general","1.3",""
"2016","Spain","Number","Upper secondary education - vocational","0.4",""
"2016","France","Number","Primary education","1.0",""
"2016","France","Number","Lower secondary education","1.6",""
"2016","France","Number","Upper secondary education","1.8",""
"2016","France","Number","Upper secondary education - general","2.1",""
"2016","France","Number","Upper secondary education - vocational","1.3",""
"2016","Croatia","Number","Primary education","1.2",""
"2016","Croatia","Number","Lower secondary education","1.6",""
"2016","Croatia","Number","Upper secondary education","1.4",""
"2016","Croatia","Number","Upper secondary education - general","1.9",""
"2016","Croatia","Number","Upper secondary education - vocational","1.2",""
"2016","Italy","Number","Primary education","1.0",""
"2016","Italy","Number","Lower secondary education","1.9",""
"2016","Italy","Number","Upper secondary education","1.4",""
"2016","Italy","Number","Upper secondary education - general","1.4",""
"2016","Italy","Number","Upper secondary education - vocational","1.4",""
"2016","Cyprus","Number","Primary education","1.0",""
"2016","Cyprus","Number","Lower secondary education","1.9",""
"2016","Cyprus","Number","Upper secondary education","1.7",""
"2016","Cyprus","Number","Upper secondary education - general","1.8",""
"2016","Cyprus","Number","Upper secondary education - vocational","1.2",""
"2016","Latvia","Number","Primary education","1.1",""
"2016","Latvia","Number","Lower secondary education","1.7",""
"2016","Latvia","Number","Upper secondary education","1.7",""
"2016","Latvia","Number","Upper secondary education - general","1.9",""
"2016","Latvia","Number","Upper secondary education - vocational","1.4",""
"2016","Lithuania","Number","Primary education","0.7",""
"2016","Lithuania","Number","Lower secondary education","1.8",""
"2016","Lithuania","Number","Upper secondary education","1.3",""
"2016","Lithuania","Number","Upper secondary education - general","1.4",""
"2016","Lithuania","Number","Upper secondary education - vocational","0.9",""
"2016","Luxembourg","Number","Primary education","1.8",""
"2016","Luxembourg","Number","Lower secondary education","2.6",""
"2016","Luxembourg","Number","Upper secondary education","2.4",""
"2016","Luxembourg","Number","Upper secondary education - general","3.0",""
"2016","Luxembourg","Number","Upper secondary education - vocational","2.1",""
"2016","Hungary","Number","Primary education","0.6",""
"2016","Hungary","Number","Lower secondary education","1.0",""
"2016","Hungary","Number","Upper secondary education","1.3",""
"2016","Hungary","Number","Upper secondary education - general","1.4",""
"2016","Hungary","Number","Upper secondary education - vocational","0.9",""
"2016","Malta","Number","Primary education","1.0",""
"2016","Malta","Number","Lower secondary education","2.2",""
"2016","Malta","Number","Upper secondary education","1.5",""
"2016","Malta","Number","Upper secondary education - general","1.7",""
"2016","Malta","Number","Upper secondary education - vocational","1.0",""
"2016","Netherlands","Number","Primary education","0.4",""
"2016","Netherlands","Number","Lower secondary education","2.0",""
"2016","Netherlands","Number","Upper secondary education","1.2",""
"2016","Netherlands","Number","Upper secondary education - general","1.7",""
"2016","Netherlands","Number","Upper secondary education - vocational","0.9",""
"2016","Austria","Number","Primary education","1.0",""
"2016","Austria","Number","Lower secondary education","1.1",""
"2016","Austria","Number","Upper secondary education","1.4",""
"2016","Austria","Number","Upper secondary education - general","1.7",""
"2016","Austria","Number","Upper secondary education - vocational","1.2",""
"2016","Poland","Number","Primary education","1.0",""
"2016","Poland","Number","Lower secondary education","1.8",""
"2016","Poland","Number","Upper secondary education","1.7",""
"2016","Poland","Number","Upper secondary education - general","1.7",""
"2016","Poland","Number","Upper secondary education - vocational","1.7",""
"2016","Portugal","Number","Primary education","0.5",""
"2016","Portugal","Number","Lower secondary education","1.9",""
"2016","Portugal","Number","Upper secondary education","0.8",""
"2016","Portugal","Number","Upper secondary education - general","0.7",""
"2016","Portugal","Number","Upper secondary education - vocational","1.0",""
"2016","Romania","Number","Primary education","1.0",""
"2016","Romania","Number","Lower secondary education","2.0",""
"2016","Romania","Number","Upper secondary education","2.0",""
"2016","Romania","Number","Upper secondary education - general","2.0",""
"2016","Romania","Number","Upper secondary education - vocational","2.0",""
"2016","Slovenia","Number","Primary education","0.5",""
"2016","Slovenia","Number","Lower secondary education","1.5",""
"2016","Slovenia","Number","Upper secondary education","1.5",""
"2016","Slovenia","Number","Upper secondary education - general","1.9",""
"2016","Slovenia","Number","Upper secondary education - vocational","1.3",""
"2016","Slovakia","Number","Primary education","0.9",""
"2016","Slovakia","Number","Lower secondary education","1.8",""
"2016","Slovakia","Number","Upper secondary education","1.6",""
"2016","Slovakia","Number","Upper secondary education - general","2.0",""
"2016","Slovakia","Number","Upper secondary education - vocational","1.5",""
"2016","Finland","Number","Primary education","0.8",""
"2016","Finland","Number","Lower secondary education","2.2",""
"2016","Finland","Number","Upper secondary education","2.1",""
"2016","Finland","Number","Upper secondary education - general","2.5",""
"2016","Finland","Number","Upper secondary education - vocational","1.8",""
"2016","Sweden","Number","Primary education","1.0",""
"2016","Sweden","Number","Lower secondary education","1.8",""
"2016","Sweden","Number","Upper secondary education","1.6",""
"2016","Sweden","Number","Upper secondary education - general","1.9",""
"2016","Sweden","Number","Upper secondary education - vocational","1.1",""
"2016","Iceland","Number","Primary education","0.9",""
"2016","Iceland","Number","Lower secondary education","2.0",""
"2016","Iceland","Number","Upper secondary education","1.3",""
"2016","Iceland","Number","Upper secondary education - general","1.7",""
"2016","Iceland","Number","Upper secondary education - vocational","0.5",""
"2016","Liechtenstein","Number","Primary education","1.0",""
"2016","Liechtenstein","Number","Lower secondary education","2.0",""
"2016","Liechtenstein","Number","Upper secondary education","1.9",""
"2016","Liechtenstein","Number","Upper secondary education - general","1.9",""
"2016","Liechtenstein","Number","Upper secondary education - vocational",":","z"
"2016","Norway","Number","Primary education","1.0",""
"2016","Norway","Number","Lower secondary education","1.7",""
"2016","Norway","Number","Upper secondary education","0.7",""
"2016","Norway","Number","Upper secondary education - general","0.9",""
"2016","Norway","Number","Upper secondary education - vocational","0.5",""
"2016","United Kingdom","Number","Primary education",":",""
"2016","United Kingdom","Number","Lower secondary education",":",""
"2016","United Kingdom","Number","Upper secondary education",":",""
"2016","United Kingdom","Number","Upper secondary education - general","0.4",""
"2016","United Kingdom","Number","Upper secondary education - vocational",":",""
"2016","North Macedonia","Number","Primary education","1.0",""
"2016","North Macedonia","Number","Lower secondary education","2.0",""
"2016","North Macedonia","Number","Upper secondary education",":","d"
"2016","North Macedonia","Number","Upper secondary education - general","1.5",""
"2016","North Macedonia","Number","Upper secondary education - vocational",":","d"
"2016","Serbia","Number","Primary education",":",""
"2016","Serbia","Number","Lower secondary education",":",""
"2016","Serbia","Number","Upper secondary education",":",""
"2016","Serbia","Number","Upper secondary education - general",":",""
"2016","Serbia","Number","Upper secondary education - vocational",":",""
"2017","Belgium","Number","Primary education","0.3",""
"2017","Belgium","Number","Lower secondary education","1.3",""
"2017","Belgium","Number","Upper secondary education","1.7",""
"2017","Belgium","Number","Upper secondary education - general","2.1",""
"2017","Belgium","Number","Upper secondary education - vocational","1.2",""
"2017","Bulgaria","Number","Primary education","0.9",""
"2017","Bulgaria","Number","Lower secondary education","1.2",""
"2017","Bulgaria","Number","Upper secondary education","1.6",""
"2017","Bulgaria","Number","Upper secondary education - general","1.8",""
"2017","Bulgaria","Number","Upper secondary education - vocational","1.5",""
"2017","Czechia","Number","Primary education","0.8",""
"2017","Czechia","Number","Lower secondary education","1.7",""
"2017","Czechia","Number","Upper secondary education","1.5",""
"2017","Czechia","Number","Upper secondary education - general","2.0",""
"2017","Czechia","Number","Upper secondary education - vocational","1.3",""
"2017","Denmark","Number","Primary education","0.9",""
"2017","Denmark","Number","Lower secondary education","1.9",""
"2017","Denmark","Number","Upper secondary education","0.9",""
"2017","Denmark","Number","Upper secondary education - general","1.4",""
"2017","Denmark","Number","Upper secondary education - vocational","0.2",""
"2017","Germany (until 1990 former territory of the FRG)","Number","Primary education","0.6",""
"2017","Germany (until 1990 former territory of the FRG)","Number","Lower secondary education","1.3",""
"2017","Germany (until 1990 former territory of the FRG)","Number","Upper secondary education","1.0",""
"2017","Germany (until 1990 former territory of the FRG)","Number","Upper secondary education - general","1.5",""
"2017","Germany (until 1990 former territory of the FRG)","Number","Upper secondary education - vocational","0.4",""
"2017","Estonia","Number","Primary education","1.1",""
"2017","Estonia","Number","Lower secondary education","2.0",""
"2017","Estonia","Number","Upper secondary education","1.6",""
"2017","Estonia","Number","Upper secondary education - general","2.2",""
"2017","Estonia","Number","Upper secondary education - vocational","0.6",""
"2017","Ireland","Number","Primary education",":","z"
"2017","Ireland","Number","Lower secondary education","1.0",""
"2017","Ireland","Number","Upper secondary education",":",""
"2017","Ireland","Number","Upper secondary education - general","1.0",""
"2017","Ireland","Number","Upper secondary education - vocational",":",""
"2017","Greece","Number","Primary education","1.3",""
"2017","Greece","Number","Lower secondary education","2.0",""
"2017","Greece","Number","Upper secondary education","1.0",""
"2017","Greece","Number","Upper secondary education - general","1.1",""
"2017","Greece","Number","Upper secondary education - vocational","0.7",""
"2017","Spain","Number","Primary education","1.1",""
"2017","Spain","Number","Lower secondary education","1.5",""
"2017","Spain","Number","Upper secondary education","1.1",""
"2017","Spain","Number","Upper secondary education - general","1.3",""
"2017","Spain","Number","Upper secondary education - vocational","0.4",""
"2017","France","Number","Primary education","1.0","d"
"2017","France","Number","Lower secondary education","1.7","d"
"2017","France","Number","Upper secondary education","1.8","d"
"2017","France","Number","Upper secondary education - general","2.1","d"
"2017","France","Number","Upper secondary education - vocational","1.3","d"
"2017","Croatia","Number","Primary education","1.2",""
"2017","Croatia","Number","Lower secondary education","1.6",""
"2017","Croatia","Number","Upper secondary education","1.4",""
"2017","Croatia","Number","Upper secondary education - general","1.9",""
"2017","Croatia","Number","Upper secondary education - vocational","1.2",""
"2017","Italy","Number","Primary education","1.0",""
"2017","Italy","Number","Lower secondary education","2.0",""
"2017","Italy","Number","Upper secondary education","1.4",""
"2017","Italy","Number","Upper secondary education - general","1.4",""
"2017","Italy","Number","Upper secondary education - vocational","1.4",""
"2017","Cyprus","Number","Primary education","1.0",""
"2017","Cyprus","Number","Lower secondary education","1.9",""
"2017","Cyprus","Number","Upper secondary education","1.5",""
"2017","Cyprus","Number","Upper secondary education - general","1.6",""
"2017","Cyprus","Number","Upper secondary education - vocational","1.1",""
"2017","Latvia","Number","Primary education","1.1",""
"2017","Latvia","Number","Lower secondary education","1.7",""
"2017","Latvia","Number","Upper secondary education","1.7",""
"2017","Latvia","Number","Upper secondary education - general","1.9",""
"2017","Latvia","Number","Upper secondary education - vocational","1.3",""
"2017","Lithuania","Number","Primary education","0.7",""
"2017","Lithuania","Number","Lower secondary education","1.8",""
"2017","Lithuania","Number","Upper secondary education","1.2",""
"2017","Lithuania","Number","Upper secondary education - general","1.4",""
"2017","Lithuania","Number","Upper secondary education - vocational","0.8",""
"2017","Luxembourg","Number","Primary education","1.8",""
"2017","Luxembourg","Number","Lower secondary education","2.6",""
"2017","Luxembourg","Number","Upper secondary education","2.4",""
"2017","Luxembourg","Number","Upper secondary education - general","3.0",""
"2017","Luxembourg","Number","Upper secondary education - vocational","2.1",""
"2017","Hungary","Number","Primary education","0.7",""
"2017","Hungary","Number","Lower secondary education","1.0",""
"2017","Hungary","Number","Upper secondary education","1.3",""
"2017","Hungary","Number","Upper secondary education - general","1.5",""
"2017","Hungary","Number","Upper secondary education - vocational","0.9",""
"2017","Malta","Number","Primary education","1.1",""
"2017","Malta","Number","Lower secondary education","2.1",""
"2017","Malta","Number","Upper secondary education","1.5",""
"2017","Malta","Number","Upper secondary education - general","1.7",""
"2017","Malta","Number","Upper secondary education - vocational","1.0",""
"2017","Netherlands","Number","Primary education","0.4",""
"2017","Netherlands","Number","Lower secondary education","2.0",""
"2017","Netherlands","Number","Upper secondary education","1.2",""
"2017","Netherlands","Number","Upper secondary education - general","1.8",""
"2017","Netherlands","Number","Upper secondary education - vocational","0.9",""
"2017","Austria","Number","Primary education","1.0",""
"2017","Austria","Number","Lower secondary education","1.1",""
"2017","Austria","Number","Upper secondary education","1.4",""
"2017","Austria","Number","Upper secondary education - general","1.7",""
"2017","Austria","Number","Upper secondary education - vocational","1.2",""
"2017","Poland","Number","Primary education","1.0",""
"2017","Poland","Number","Lower secondary education","1.8",""
"2017","Poland","Number","Upper secondary education","1.7",""
"2017","Poland","Number","Upper secondary education - general","1.7",""
"2017","Poland","Number","Upper secondary education - vocational","1.7",""
"2017","Portugal","Number","Primary education","0.7",""
"2017","Portugal","Number","Lower secondary education","1.9",""
"2017","Portugal","Number","Upper secondary education","0.8",""
"2017","Portugal","Number","Upper secondary education - general","0.7",""
"2017","Portugal","Number","Upper secondary education - vocational","1.0",""
"2017","Romania","Number","Primary education","1.0",""
"2017","Romania","Number","Lower secondary education","2.0",""
"2017","Romania","Number","Upper secondary education","2.0",""
"2017","Romania","Number","Upper secondary education - general","2.0",""
"2017","Romania","Number","Upper secondary education - vocational","2.0",""
"2017","Slovenia","Number","Primary education","0.8","b"
"2017","Slovenia","Number","Lower secondary education","1.3",""
"2017","Slovenia","Number","Upper secondary education","1.5",""
"2017","Slovenia","Number","Upper secondary education - general","2.0",""
"2017","Slovenia","Number","Upper secondary education - vocational","1.3",""
"2017","Slovakia","Number","Primary education","0.9",""
"2017","Slovakia","Number","Lower secondary education","1.7",""
"2017","Slovakia","Number","Upper secondary education","1.6",""
"2017","Slovakia","Number","Upper secondary education - general","2.0",""
"2017","Slovakia","Number","Upper secondary education - vocational","1.4",""
"2017","Finland","Number","Primary education","1.0",""
"2017","Finland","Number","Lower secondary education","2.2",""
"2017","Finland","Number","Upper secondary education","2.2",""
"2017","Finland","Number","Upper secondary education - general","2.4",""
"2017","Finland","Number","Upper secondary education - vocational","2.0",""
"2017","Sweden","Number","Primary education","1.0",""
"2017","Sweden","Number","Lower secondary education","1.8",""
"2017","Sweden","Number","Upper secondary education","1.6",""
"2017","Sweden","Number","Upper secondary education - general","1.9",""
"2017","Sweden","Number","Upper secondary education - vocational","1.1",""
"2017","Iceland","Number","Primary education","1.0",""
"2017","Iceland","Number","Lower secondary education","2.0",""
"2017","Iceland","Number","Upper secondary education","1.3",""
"2017","Iceland","Number","Upper secondary education - general","1.7",""
"2017","Iceland","Number","Upper secondary education - vocational","0.5",""
"2017","Liechtenstein","Number","Primary education","1.0",""
"2017","Liechtenstein","Number","Lower secondary education","2.0",""
"2017","Liechtenstein","Number","Upper secondary education","1.9",""
"2017","Liechtenstein","Number","Upper secondary education - general","1.9",""
"2017","Liechtenstein","Number","Upper secondary education - vocational",":","z"
"2017","Norway","Number","Primary education","1.0",""
"2017","Norway","Number","Lower secondary education","1.6",""
"2017","Norway","Number","Upper secondary education","0.7",""
"2017","Norway","Number","Upper secondary education - general","0.9",""
"2017","Norway","Number","Upper secondary education - vocational","0.5",""
"2017","United Kingdom","Number","Primary education",":",""
"2017","United Kingdom","Number","Lower secondary education",":",""
"2017","United Kingdom","Number","Upper secondary education",":",""
"2017","United Kingdom","Number","Upper secondary education - general","0.4",""
"2017","United Kingdom","Number","Upper secondary education - vocational",":",""
"2017","North Macedonia","Number","Primary education","1.0",""
"2017","North Macedonia","Number","Lower secondary education","2.0",""
"2017","North Macedonia","Number","Upper secondary education","1.5",""
"2017","North Macedonia","Number","Upper secondary education - general","1.5","d"
"2017","North Macedonia","Number","Upper secondary education - vocational",":",""
"2017","Serbia","Number","Primary education","1.0",""
"2017","Serbia","Number","Lower secondary education","2.0",""
"2017","Serbia","Number","Upper secondary education",":",""
"2017","Serbia","Number","Upper secondary education - general",":",""
"2017","Serbia","Number","Upper secondary education - vocational",":",""
"2018","Belgium","Number","Primary education","0.3",""
"2018","Belgium","Number","Lower secondary education","1.3",""
"2018","Belgium","Number","Upper secondary education","1.7",""
"2018","Belgium","Number","Upper secondary education - general","2.1",""
"2018","Belgium","Number","Upper secondary education - vocational","1.4",""
"2018","Bulgaria","Number","Primary education","0.9",""
"2018","Bulgaria","Number","Lower secondary education","1.1",""
"2018","Bulgaria","Number","Upper secondary education","1.6",""
"2018","Bulgaria","Number","Upper secondary education - general","1.7",""
"2018","Bulgaria","Number","Upper secondary education - vocational","1.4",""
"2018","Czechia","Number","Primary education","0.8",""
"2018","Czechia","Number","Lower secondary education","1.6",""
"2018","Czechia","Number","Upper secondary education","1.5",""
"2018","Czechia","Number","Upper secondary education - general","2.0",""
"2018","Czechia","Number","Upper secondary education - vocational","1.3",""
"2018","Denmark","Number","Primary education","1.2",""
"2018","Denmark","Number","Lower secondary education","1.9",""
"2018","Denmark","Number","Upper secondary education","0.9",""
"2018","Denmark","Number","Upper secondary education - general","1.4",""
"2018","Denmark","Number","Upper secondary education - vocational","0.2",""
"2018","Germany (until 1990 former territory of the FRG)","Number","Primary education","0.6",""
"2018","Germany (until 1990 former territory of the FRG)","Number","Lower secondary education","1.3",""
"2018","Germany (until 1990 former territory of the FRG)","Number","Upper secondary education","1.0",""
"2018","Germany (until 1990 former territory of the FRG)","Number","Upper secondary education - general","1.4",""
"2018","Germany (until 1990 former territory of the FRG)","Number","Upper secondary education - vocational","0.4",""
"2018","Estonia","Number","Primary education","1.1",""
"2018","Estonia","Number","Lower secondary education","2.0",""
"2018","Estonia","Number","Upper secondary education","1.5",""
"2018","Estonia","Number","Upper secondary education - general","2.2",""
"2018","Estonia","Number","Upper secondary education - vocational","0.5",""
"2018","Ireland","Number","Primary education",":","z"
"2018","Ireland","Number","Lower secondary education","1.0",""
"2018","Ireland","Number","Upper secondary education",":",""
"2018","Ireland","Number","Upper secondary education - general","1.0",""
"2018","Ireland","Number","Upper secondary education - vocational",":",""
"2018","Greece","Number","Primary education","1.3",""
"2018","Greece","Number","Lower secondary education","1.9",""
"2018","Greece","Number","Upper secondary education","0.9",""
"2018","Greece","Number","Upper secondary education - general","1.0",""
"2018","Greece","Number","Upper secondary education - vocational","0.7",""
"2018","Spain","Number","Primary education","1.2",""
"2018","Spain","Number","Lower secondary education","1.5",""
"2018","Spain","Number","Upper secondary education","1.0",""
"2018","Spain","Number","Upper secondary education - general","1.3",""
"2018","Spain","Number","Upper secondary education - vocational","0.4",""
"2018","France","Number","Primary education","1.0","e"
"2018","France","Number","Lower secondary education","1.7",""
"2018","France","Number","Upper secondary education","1.8",""
"2018","France","Number","Upper secondary education - general","2.1",""
"2018","France","Number","Upper secondary education - vocational","1.3",""
"2018","Croatia","Number","Primary education","1.2",""
"2018","Croatia","Number","Lower secondary education","1.6",""
"2018","Croatia","Number","Upper secondary education","1.5",""
"2018","Croatia","Number","Upper secondary education - general","1.9",""
"2018","Croatia","Number","Upper secondary education - vocational","1.2",""
"2018","Italy","Number","Primary education","1.0",""
"2018","Italy","Number","Lower secondary education","1.9",""
"2018","Italy","Number","Upper secondary education","1.4",""
"2018","Italy","Number","Upper secondary education - general","1.4",""
"2018","Italy","Number","Upper secondary education - vocational","1.4",""
"2018","Cyprus","Number","Primary education","1.0",""
"2018","Cyprus","Number","Lower secondary education","1.9",""
"2018","Cyprus","Number","Upper secondary education","1.4",""
"2018","Cyprus","Number","Upper secondary education - general","1.4",""
"2018","Cyprus","Number","Upper secondary education - vocational","1.2",""
"2018","Latvia","Number","Primary education","1.2",""
"2018","Latvia","Number","Lower secondary education","1.7",""
"2018","Latvia","Number","Upper secondary education","1.7",""
"2018","Latvia","Number","Upper secondary education - general","1.9",""
"2018","Latvia","Number","Upper secondary education - vocational","1.3",""
"2018","Lithuania","Number","Primary education","0.7",""
"2018","Lithuania","Number","Lower secondary education","1.8",""
"2018","Lithuania","Number","Upper secondary education","1.2",""
"2018","Lithuania","Number","Upper secondary education - general","1.4",""
"2018","Lithuania","Number","Upper secondary education - vocational","0.8",""
"2018","Luxembourg","Number","Primary education","1.8",""
"2018","Luxembourg","Number","Lower secondary education","2.6",""
"2018","Luxembourg","Number","Upper secondary education","2.4",""
"2018","Luxembourg","Number","Upper secondary education - general","3.0",""
"2018","Luxembourg","Number","Upper secondary education - vocational","2.2",""
"2018","Hungary","Number","Primary education","0.7",""
"2018","Hungary","Number","Lower secondary education","1.0",""
"2018","Hungary","Number","Upper secondary education","1.3",""
"2018","Hungary","Number","Upper secondary education - general","1.6",""
"2018","Hungary","Number","Upper secondary education - vocational","0.9",""
"2018","Malta","Number","Primary education","1.1",""
"2018","Malta","Number","Lower secondary education","2.1",""
"2018","Malta","Number","Upper secondary education","1.5",""
"2018","Malta","Number","Upper secondary education - general","1.7",""
"2018","Malta","Number","Upper secondary education - vocational","1.0",""
"2018","Netherlands","Number","Primary education","0.5",""
"2018","Netherlands","Number","Lower secondary education","2.0",""
"2018","Netherlands","Number","Upper secondary education","1.2",""
"2018","Netherlands","Number","Upper secondary education - general","1.8",""
"2018","Netherlands","Number","Upper secondary education - vocational","0.9",""
"2018","Austria","Number","Primary education","1.0",""
"2018","Austria","Number","Lower secondary education","1.1",""
"2018","Austria","Number","Upper secondary education","1.4",""
"2018","Austria","Number","Upper secondary education - general","1.7",""
"2018","Austria","Number","Upper secondary education - vocational","1.2",""
"2018","Poland","Number","Primary education","1.0","e"
"2018","Poland","Number","Lower secondary education","1.8","e"
"2018","Poland","Number","Upper secondary education","1.7",""
"2018","Poland","Number","Upper secondary education - general","1.7",""
"2018","Poland","Number","Upper secondary education - vocational","1.7",""
"2018","Portugal","Number","Primary education","0.7",""
"2018","Portugal","Number","Lower secondary education","1.8",""
"2018","Portugal","Number","Upper secondary education","0.8",""
"2018","Portugal","Number","Upper secondary education - general","0.7",""
"2018","Portugal","Number","Upper secondary education - vocational","1.0",""
"2018","Romania","Number","Primary education","1.0",""
"2018","Romania","Number","Lower secondary education","2.0",""
"2018","Romania","Number","Upper secondary education","2.0",""
"2018","Romania","Number","Upper secondary education - general","2.0",""
"2018","Romania","Number","Upper secondary education - vocational","2.0",""
"2018","Slovenia","Number","Primary education","0.8",""
"2018","Slovenia","Number","Lower secondary education","1.3",""
"2018","Slovenia","Number","Upper secondary education","1.5",""
"2018","Slovenia","Number","Upper secondary education - general","2.0",""
"2018","Slovenia","Number","Upper secondary education - vocational","1.3",""
"2018","Slovakia","Number","Primary education","0.9",""
"2018","Slovakia","Number","Lower secondary education","1.6",""
"2018","Slovakia","Number","Upper secondary education","1.6",""
"2018","Slovakia","Number","Upper secondary education - general","2.0",""
"2018","Slovakia","Number","Upper secondary education - vocational","1.4",""
"2018","Finland","Number","Primary education","1.0",""
"2018","Finland","Number","Lower secondary education","2.2",""
"2018","Finland","Number","Upper secondary education","2.2",""
"2018","Finland","Number","Upper secondary education - general","2.4",""
"2018","Finland","Number","Upper secondary education - vocational","1.9",""
"2018","Sweden","Number","Primary education","1.0",""
"2018","Sweden","Number","Lower secondary education","1.8",""
"2018","Sweden","Number","Upper secondary education","1.6",""
"2018","Sweden","Number","Upper secondary education - general","1.9",""
"2018","Sweden","Number","Upper secondary education - vocational","1.0",""
"2018","Iceland","Number","Primary education","0.9",""
"2018","Iceland","Number","Lower secondary education","2.0",""
"2018","Iceland","Number","Upper secondary education","1.3",""
"2018","Iceland","Number","Upper secondary education - general","1.7",""
"2018","Iceland","Number","Upper secondary education - vocational","0.4",""
"2018","Liechtenstein","Number","Primary education","1.0",""
"2018","Liechtenstein","Number","Lower secondary education","2.0",""
"2018","Liechtenstein","Number","Upper secondary education","1.9",""
"2018","Liechtenstein","Number","Upper secondary education - general","1.9",""
"2018","Liechtenstein","Number","Upper secondary education - vocational",":","z"
"2018","Norway","Number","Primary education","1.0",""
"2018","Norway","Number","Lower secondary education","1.6",""
"2018","Norway","Number","Upper secondary education","0.7",""
"2018","Norway","Number","Upper secondary education - general","0.9",""
"2018","Norway","Number","Upper secondary education - vocational","0.5",""
"2018","United Kingdom","Number","Primary education",":",""
"2018","United Kingdom","Number","Lower secondary education",":",""
"2018","United Kingdom","Number","Upper secondary education",":",""
"2018","United Kingdom","Number","Upper secondary education - general","0.4",""
"2018","United Kingdom","Number","Upper secondary education - vocational",":",""
"2018","North Macedonia","Number","Primary education","1.0",""
"2018","North Macedonia","Number","Lower secondary education","2.0",""
"2018","North Macedonia","Number","Upper secondary education","1.6","d"
"2018","North Macedonia","Number","Upper secondary education - general","1.6","d"
"2018","North Macedonia","Number","Upper secondary education - vocational",":","d"
"2018","Serbia","Number","Primary education",":",""
"2018","Serbia","Number","Lower secondary education",":",""
"2018","Serbia","Number","Upper secondary education",":",""
"2018","Serbia","Number","Upper secondary education - general",":",""
"2018","Serbia","Number","Upper secondary education - vocational",":",""
"2019","Belgium","Number","Primary education","0.3",""
"2019","Belgium","Number","Lower secondary education","1.3",""
"2019","Belgium","Number","Upper secondary education","1.8",""
"2019","Belgium","Number","Upper secondary education - general","2.1",""
"2019","Belgium","Number","Upper secondary education - vocational","1.4",""
"2019","Bulgaria","Number","Primary education","0.9",""
"2019","Bulgaria","Number","Lower secondary education","1.1",""
"2019","Bulgaria","Number","Upper secondary education","1.6",""
"2019","Bulgaria","Number","Upper secondary education - general","1.7",""
"2019","Bulgaria","Number","Upper secondary education - vocational","1.4",""
"2019","Czechia","Number","Primary education","0.8",""
"2019","Czechia","Number","Lower secondary education","1.7",""
"2019","Czechia","Number","Upper secondary education","1.5",""
"2019","Czechia","Number","Upper secondary education - general","2.0",""
"2019","Czechia","Number","Upper secondary education - vocational","1.3",""
"2019","Denmark","Number","Primary education","1.2",""
"2019","Denmark","Number","Lower secondary education","1.8",""
"2019","Denmark","Number","Upper secondary education","0.9",""
"2019","Denmark","Number","Upper secondary education - general","1.4",""
"2019","Denmark","Number","Upper secondary education - vocational","0.2",""
"2019","Germany (until 1990 former territory of the FRG)","Number","Primary education","0.6",""
"2019","Germany (until 1990 former territory of the FRG)","Number","Lower secondary education","1.3","d"
"2019","Germany (until 1990 former territory of the FRG)","Number","Upper secondary education","0.9",""
"2019","Germany (until 1990 former territory of the FRG)","Number","Upper secondary education - general","1.5",""
"2019","Germany (until 1990 former territory of the FRG)","Number","Upper secondary education - vocational","0.4",""
"2019","Estonia","Number","Primary education","1.1",""
"2019","Estonia","Number","Lower secondary education","2.0",""
"2019","Estonia","Number","Upper secondary education","1.5",""
"2019","Estonia","Number","Upper secondary education - general","2.2",""
"2019","Estonia","Number","Upper secondary education - vocational","0.4",""
"2019","Ireland","Number","Primary education",":","z"
"2019","Ireland","Number","Lower secondary education","0.9",""
"2019","Ireland","Number","Upper secondary education",":",""
"2019","Ireland","Number","Upper secondary education - general","1.0",""
"2019","Ireland","Number","Upper secondary education - vocational",":",""
"2019","Greece","Number","Primary education","1.3",""
"2019","Greece","Number","Lower secondary education","1.9",""
"2019","Greece","Number","Upper secondary education","0.9",""
"2019","Greece","Number","Upper secondary education - general","0.9",""
"2019","Greece","Number","Upper secondary education - vocational","0.7",""
"2019","Spain","Number","Primary education","1.2",""
"2019","Spain","Number","Lower secondary education","1.4",""
"2019","Spain","Number","Upper secondary education","1.0",""
"2019","Spain","Number","Upper secondary education - general","1.3",""
"2019","Spain","Number","Upper secondary education - vocational","0.4",""
"2019","France","Number","Primary education","1.0","d"
"2019","France","Number","Lower secondary education","1.8",""
"2019","France","Number","Upper secondary education","1.8",""
"2019","France","Number","Upper secondary education - general","2.1",""
"2019","France","Number","Upper secondary education - vocational","1.3",""
"2019","Croatia","Number","Primary education","1.2",""
"2019","Croatia","Number","Lower secondary education","1.5",""
"2019","Croatia","Number","Upper secondary education","1.5",""
"2019","Croatia","Number","Upper secondary education - general","2.0",""
"2019","Croatia","Number","Upper secondary education - vocational","1.2",""
"2019","Italy","Number","Primary education","1.0",""
"2019","Italy","Number","Lower secondary education","2.0",""
"2019","Italy","Number","Upper secondary education","1.5",""
"2019","Italy","Number","Upper secondary education - general","1.4",""
"2019","Italy","Number","Upper secondary education - vocational","1.5",""
"2019","Cyprus","Number","Primary education","1.0",""
"2019","Cyprus","Number","Lower secondary education","1.8",""
"2019","Cyprus","Number","Upper secondary education","1.4",""
"2019","Cyprus","Number","Upper secondary education - general","1.4",""
"2019","Cyprus","Number","Upper secondary education - vocational","1.3",""
"2019","Latvia","Number","Primary education","1.2",""
"2019","Latvia","Number","Lower secondary education","1.7",""
"2019","Latvia","Number","Upper secondary education","1.8",""
"2019","Latvia","Number","Upper secondary education - general","1.9",""
"2019","Latvia","Number","Upper secondary education - vocational","1.5",""
"2019","Lithuania","Number","Primary education","0.7",""
"2019","Lithuania","Number","Lower secondary education","1.8",""
"2019","Lithuania","Number","Upper secondary education","1.2",""
"2019","Lithuania","Number","Upper secondary education - general","1.4",""
"2019","Lithuania","Number","Upper secondary education - vocational","0.7",""
"2019","Luxembourg","Number","Primary education","1.8",""
"2019","Luxembourg","Number","Lower secondary education","2.6",""
"2019","Luxembourg","Number","Upper secondary education","2.5",""
"2019","Luxembourg","Number","Upper secondary education - general","3.1",""
"2019","Luxembourg","Number","Upper secondary education - vocational","2.2",""
"2019","Hungary","Number","Primary education","0.7",""
"2019","Hungary","Number","Lower secondary education","1.0",""
"2019","Hungary","Number","Upper secondary education","1.3","b"
"2019","Hungary","Number","Upper secondary education - general","1.6","b"
"2019","Hungary","Number","Upper secondary education - vocational","1.0","b"
"2019","Malta","Number","Primary education","1.1",""
"2019","Malta","Number","Lower secondary education","2.1",""
"2019","Malta","Number","Upper secondary education","1.5",""
"2019","Malta","Number","Upper secondary education - general","1.7",""
"2019","Malta","Number","Upper secondary education - vocational","1.0",""
"2019","Netherlands","Number","Primary education","0.5",""
"2019","Netherlands","Number","Lower secondary education","2.0",""
"2019","Netherlands","Number","Upper secondary education","1.2",""
"2019","Netherlands","Number","Upper secondary education - general","1.8",""
"2019","Netherlands","Number","Upper secondary education - vocational","0.9",""
"2019","Austria","Number","Primary education","1.0",""
"2019","Austria","Number","Lower secondary education","1.1",""
"2019","Austria","Number","Upper secondary education","1.4",""
"2019","Austria","Number","Upper secondary education - general","1.7",""
"2019","Austria","Number","Upper secondary education - vocational","1.2",""
"2019","Poland","Number","Primary education","1.0","e"
"2019","Poland","Number","Lower secondary education","1.8","e"
"2019","Poland","Number","Upper secondary education","1.7",""
"2019","Poland","Number","Upper secondary education - general","1.7",""
"2019","Poland","Number","Upper secondary education - vocational","1.7",""
"2019","Portugal","Number","Primary education","0.7",""
"2019","Portugal","Number","Lower secondary education","1.9",""
"2019","Portugal","Number","Upper secondary education","0.8",""
"2019","Portugal","Number","Upper secondary education - general","0.7",""
"2019","Portugal","Number","Upper secondary education - vocational","0.8",""
"2019","Romania","Number","Primary education","1.0",""
"2019","Romania","Number","Lower secondary education","2.0",""
"2019","Romania","Number","Upper secondary education","2.0",""
"2019","Romania","Number","Upper secondary education - general","2.0",""
"2019","Romania","Number","Upper secondary education - vocational","2.0",""
"2019","Slovenia","Number","Primary education","0.8",""
"2019","Slovenia","Number","Lower secondary education","1.3",""
"2019","Slovenia","Number","Upper secondary education","1.5",""
"2019","Slovenia","Number","Upper secondary education - general","2.0",""
"2019","Slovenia","Number","Upper secondary education - vocational","1.2",""
"2019","Slovakia","Number","Primary education","0.9",""
"2019","Slovakia","Number","Lower secondary education","1.6",""
"2019","Slovakia","Number","Upper secondary education","1.6",""
"2019","Slovakia","Number","Upper secondary education - general","2.0",""
"2019","Slovakia","Number","Upper secondary education - vocational","1.4",""
"2019","Finland","Number","Primary education","1.1",""
"2019","Finland","Number","Lower secondary education","2.2",""
"2019","Finland","Number","Upper secondary education","2.1",""
"2019","Finland","Number","Upper secondary education - general","2.4",""
"2019","Finland","Number","Upper secondary education - vocational","1.9",""
"2019","Sweden","Number","Primary education","1.1",""
"2019","Sweden","Number","Lower secondary education","1.8",""
"2019","Sweden","Number","Upper secondary education","1.6",""
"2019","Sweden","Number","Upper secondary education - general","1.9",""
"2019","Sweden","Number","Upper secondary education - vocational","1.0",""
"2019","Iceland","Number","Primary education","0.9",""
"2019","Iceland","Number","Lower secondary education","2.0",""
"2019","Iceland","Number","Upper secondary education","1.2",""
"2019","Iceland","Number","Upper secondary education - general","1.6",""
"2019","Iceland","Number","Upper secondary education - vocational","0.3",""
"2019","Liechtenstein","Number","Primary education","1.0",""
"2019","Liechtenstein","Number","Lower secondary education","2.0",""
"2019","Liechtenstein","Number","Upper secondary education","1.9",""
"2019","Liechtenstein","Number","Upper secondary education - general","1.9",""
"2019","Liechtenstein","Number","Upper secondary education - vocational",":","z"
"2019","Norway","Number","Primary education","1.0",""
"2019","Norway","Number","Lower secondary education","1.6",""
"2019","Norway","Number","Upper secondary education","0.7",""
"2019","Norway","Number","Upper secondary education - general","0.9",""
"2019","Norway","Number","Upper secondary education - vocational","0.5",""
"2019","United Kingdom","Number","Primary education",":",""
"2019","United Kingdom","Number","Lower secondary education",":",""
"2019","United Kingdom","Number","Upper secondary education",":",""
"2019","United Kingdom","Number","Upper secondary education - general","0.4",""
"2019","United Kingdom","Number","Upper secondary education - vocational",":",""
"2019","North Macedonia","Number","Primary education","1.0",""
"2019","North Macedonia","Number","Lower secondary education","2.0",""
"2019","North Macedonia","Number","Upper secondary education","1.6","d"
"2019","North Macedonia","Number","Upper secondary education - general","1.6","d"
"2019","North Macedonia","Number","Upper secondary education - vocational",":","d"
"2019","Serbia","Number","Primary education",":",""
"2019","Serbia","Number","Lower secondary education",":",""
"2019","Serbia","Number","Upper secondary education",":",""
"2019","Serbia","Number","Upper secondary education - general",":",""
"2019","Serbia","Number","Upper secondary education - vocational",":",""
