"TIME","GEO","ICCS","LEG_STAT","SEX","UNIT","Value","Flag and Footnotes"
"2008","Belgium","Intentional homicide","Convicted person","Total","Number",":",""
"2008","Belgium","Rape","Convicted person","Total","Number",":",""
"2008","Belgium","Sexual assault","Convicted person","Total","Number",":",""
"2008","Bulgaria","Intentional homicide","Convicted person","Total","Number","143",""
"2008","Bulgaria","Rape","Convicted person","Total","Number","193",""
"2008","Bulgaria","Sexual assault","Convicted person","Total","Number","162",""
"2008","Czechia","Intentional homicide","Convicted person","Total","Number","136",""
"2008","Czechia","Rape","Convicted person","Total","Number","154",""
"2008","Czechia","Sexual assault","Convicted person","Total","Number","367",""
"2008","Denmark","Intentional homicide","Convicted person","Total","Number","22",""
"2008","Denmark","Rape","Convicted person","Total","Number","203",""
"2008","Denmark","Sexual assault","Convicted person","Total","Number","182",""
"2008","Germany (until 1990 former territory of the FRG)","Intentional homicide","Convicted person","Total","Number",":",""
"2008","Germany (until 1990 former territory of the FRG)","Rape","Convicted person","Total","Number","1,068",""
"2008","Germany (until 1990 former territory of the FRG)","Sexual assault","Convicted person","Total","Number","8,051",""
"2008","Estonia","Intentional homicide","Convicted person","Total","Number",":",""
"2008","Estonia","Rape","Convicted person","Total","Number",":",""
"2008","Estonia","Sexual assault","Convicted person","Total","Number",":",""
"2008","Ireland","Intentional homicide","Convicted person","Total","Number",":",""
"2008","Ireland","Rape","Convicted person","Total","Number",":",""
"2008","Ireland","Sexual assault","Convicted person","Total","Number",":",""
"2008","Greece","Intentional homicide","Convicted person","Total","Number",":",""
"2008","Greece","Rape","Convicted person","Total","Number",":",""
"2008","Greece","Sexual assault","Convicted person","Total","Number",":",""
"2008","Spain","Intentional homicide","Convicted person","Total","Number",":",""
"2008","Spain","Rape","Convicted person","Total","Number",":",""
"2008","Spain","Sexual assault","Convicted person","Total","Number",":",""
"2008","France","Intentional homicide","Convicted person","Total","Number","661",""
"2008","France","Rape","Convicted person","Total","Number","1,496",""
"2008","France","Sexual assault","Convicted person","Total","Number","6,075",""
"2008","Croatia","Intentional homicide","Convicted person","Total","Number","43",""
"2008","Croatia","Rape","Convicted person","Total","Number","78",""
"2008","Croatia","Sexual assault","Convicted person","Total","Number","234",""
"2008","Italy","Intentional homicide","Convicted person","Total","Number","616",""
"2008","Italy","Rape","Convicted person","Total","Number","1,359",""
"2008","Italy","Sexual assault","Convicted person","Total","Number",":",""
"2008","Cyprus","Intentional homicide","Convicted person","Total","Number","4",""
"2008","Cyprus","Rape","Convicted person","Total","Number","6",""
"2008","Cyprus","Sexual assault","Convicted person","Total","Number","25",""
"2008","Latvia","Intentional homicide","Convicted person","Total","Number","105",""
"2008","Latvia","Rape","Convicted person","Total","Number","95",""
"2008","Latvia","Sexual assault","Convicted person","Total","Number","27",""
"2008","Lithuania","Intentional homicide","Convicted person","Total","Number","276",""
"2008","Lithuania","Rape","Convicted person","Total","Number","105",""
"2008","Lithuania","Sexual assault","Convicted person","Total","Number","101",""
"2008","Luxembourg","Intentional homicide","Convicted person","Total","Number",":",""
"2008","Luxembourg","Rape","Convicted person","Total","Number",":",""
"2008","Luxembourg","Sexual assault","Convicted person","Total","Number",":",""
"2008","Hungary","Intentional homicide","Convicted person","Total","Number","136",""
"2008","Hungary","Rape","Convicted person","Total","Number","79",""
"2008","Hungary","Sexual assault","Convicted person","Total","Number","103",""
"2008","Malta","Intentional homicide","Convicted person","Total","Number","1",""
"2008","Malta","Rape","Convicted person","Total","Number",":",""
"2008","Malta","Sexual assault","Convicted person","Total","Number",":",""
"2008","Netherlands","Intentional homicide","Convicted person","Total","Number",":",""
"2008","Netherlands","Rape","Convicted person","Total","Number","179",""
"2008","Netherlands","Sexual assault","Convicted person","Total","Number","1,229",""
"2008","Austria","Intentional homicide","Convicted person","Total","Number","26",""
"2008","Austria","Rape","Convicted person","Total","Number","86",""
"2008","Austria","Sexual assault","Convicted person","Total","Number","545",""
"2008","Poland","Intentional homicide","Convicted person","Total","Number","345",""
"2008","Poland","Rape","Convicted person","Total","Number","936",""
"2008","Poland","Sexual assault","Convicted person","Total","Number","281",""
"2008","Portugal","Intentional homicide","Convicted person","Total","Number","121",""
"2008","Portugal","Rape","Convicted person","Total","Number","90",""
"2008","Portugal","Sexual assault","Convicted person","Total","Number","271",""
"2008","Romania","Intentional homicide","Convicted person","Total","Number","715",""
"2008","Romania","Rape","Convicted person","Total","Number","416",""
"2008","Romania","Sexual assault","Convicted person","Total","Number","183",""
"2008","Slovenia","Intentional homicide","Convicted person","Total","Number","30",""
"2008","Slovenia","Rape","Convicted person","Total","Number","21",""
"2008","Slovenia","Sexual assault","Convicted person","Total","Number","110",""
"2008","Slovakia","Intentional homicide","Convicted person","Total","Number","50",""
"2008","Slovakia","Rape","Convicted person","Total","Number","43",""
"2008","Slovakia","Sexual assault","Convicted person","Total","Number","29",""
"2008","Finland","Intentional homicide","Convicted person","Total","Number","93",""
"2008","Finland","Rape","Convicted person","Total","Number","110",""
"2008","Finland","Sexual assault","Convicted person","Total","Number","422",""
"2008","Sweden","Intentional homicide","Convicted person","Total","Number","149",""
"2008","Sweden","Rape","Convicted person","Total","Number","420",""
"2008","Sweden","Sexual assault","Convicted person","Total","Number","551",""
"2008","Iceland","Intentional homicide","Convicted person","Total","Number",":",""
"2008","Iceland","Rape","Convicted person","Total","Number",":",""
"2008","Iceland","Sexual assault","Convicted person","Total","Number",":",""
"2008","Liechtenstein","Intentional homicide","Convicted person","Total","Number",":",""
"2008","Liechtenstein","Rape","Convicted person","Total","Number",":",""
"2008","Liechtenstein","Sexual assault","Convicted person","Total","Number",":",""
"2008","Norway","Intentional homicide","Convicted person","Total","Number","19",""
"2008","Norway","Rape","Convicted person","Total","Number","193",""
"2008","Norway","Sexual assault","Convicted person","Total","Number","258",""
"2008","Switzerland","Intentional homicide","Convicted person","Total","Number","40",""
"2008","Switzerland","Rape","Convicted person","Total","Number","159",""
"2008","Switzerland","Sexual assault","Convicted person","Total","Number","696",""
"2008","England and Wales","Intentional homicide","Convicted person","Total","Number","439",""
"2008","England and Wales","Rape","Convicted person","Total","Number","922",""
"2008","England and Wales","Sexual assault","Convicted person","Total","Number","4,120",""
"2008","Scotland","Intentional homicide","Convicted person","Total","Number","60",""
"2008","Scotland","Rape","Convicted person","Total","Number","28",""
"2008","Scotland","Sexual assault","Convicted person","Total","Number","182",""
"2008","Northern Ireland (UK)","Intentional homicide","Convicted person","Total","Number","10",""
"2008","Northern Ireland (UK)","Rape","Convicted person","Total","Number","15",""
"2008","Northern Ireland (UK)","Sexual assault","Convicted person","Total","Number","528",""
"2008","Montenegro","Intentional homicide","Convicted person","Total","Number",":",""
"2008","Montenegro","Rape","Convicted person","Total","Number",":",""
"2008","Montenegro","Sexual assault","Convicted person","Total","Number","49",""
"2009","Belgium","Intentional homicide","Convicted person","Total","Number",":",""
"2009","Belgium","Rape","Convicted person","Total","Number",":",""
"2009","Belgium","Sexual assault","Convicted person","Total","Number",":",""
"2009","Bulgaria","Intentional homicide","Convicted person","Total","Number","116",""
"2009","Bulgaria","Rape","Convicted person","Total","Number","173",""
"2009","Bulgaria","Sexual assault","Convicted person","Total","Number","169",""
"2009","Czechia","Intentional homicide","Convicted person","Total","Number","111",""
"2009","Czechia","Rape","Convicted person","Total","Number","169",""
"2009","Czechia","Sexual assault","Convicted person","Total","Number","360",""
"2009","Denmark","Intentional homicide","Convicted person","Total","Number","35",""
"2009","Denmark","Rape","Convicted person","Total","Number","251",""
"2009","Denmark","Sexual assault","Convicted person","Total","Number","185",""
"2009","Germany (until 1990 former territory of the FRG)","Intentional homicide","Convicted person","Total","Number","392",""
"2009","Germany (until 1990 former territory of the FRG)","Rape","Convicted person","Total","Number","928",""
"2009","Germany (until 1990 former territory of the FRG)","Sexual assault","Convicted person","Total","Number","7,203",""
"2009","Estonia","Intentional homicide","Convicted person","Total","Number",":",""
"2009","Estonia","Rape","Convicted person","Total","Number",":",""
"2009","Estonia","Sexual assault","Convicted person","Total","Number",":",""
"2009","Ireland","Intentional homicide","Convicted person","Total","Number",":",""
"2009","Ireland","Rape","Convicted person","Total","Number",":",""
"2009","Ireland","Sexual assault","Convicted person","Total","Number","120",""
"2009","Greece","Intentional homicide","Convicted person","Total","Number",":",""
"2009","Greece","Rape","Convicted person","Total","Number",":",""
"2009","Greece","Sexual assault","Convicted person","Total","Number",":",""
"2009","Spain","Intentional homicide","Convicted person","Total","Number",":",""
"2009","Spain","Rape","Convicted person","Total","Number",":",""
"2009","Spain","Sexual assault","Convicted person","Total","Number",":",""
"2009","France","Intentional homicide","Convicted person","Total","Number","624",""
"2009","France","Rape","Convicted person","Total","Number","1,419",""
"2009","France","Sexual assault","Convicted person","Total","Number","6,032",""
"2009","Croatia","Intentional homicide","Convicted person","Total","Number","49",""
"2009","Croatia","Rape","Convicted person","Total","Number","94",""
"2009","Croatia","Sexual assault","Convicted person","Total","Number","245",""
"2009","Italy","Intentional homicide","Convicted person","Total","Number","596",""
"2009","Italy","Rape","Convicted person","Total","Number","2,102",""
"2009","Italy","Sexual assault","Convicted person","Total","Number",":",""
"2009","Cyprus","Intentional homicide","Convicted person","Total","Number","5",""
"2009","Cyprus","Rape","Convicted person","Total","Number","9",""
"2009","Cyprus","Sexual assault","Convicted person","Total","Number","32",""
"2009","Latvia","Intentional homicide","Convicted person","Total","Number","80",""
"2009","Latvia","Rape","Convicted person","Total","Number","70",""
"2009","Latvia","Sexual assault","Convicted person","Total","Number","29",""
"2009","Lithuania","Intentional homicide","Convicted person","Total","Number","213",""
"2009","Lithuania","Rape","Convicted person","Total","Number","96",""
"2009","Lithuania","Sexual assault","Convicted person","Total","Number","102",""
"2009","Luxembourg","Intentional homicide","Convicted person","Total","Number",":",""
"2009","Luxembourg","Rape","Convicted person","Total","Number",":",""
"2009","Luxembourg","Sexual assault","Convicted person","Total","Number",":",""
"2009","Hungary","Intentional homicide","Convicted person","Total","Number","163",""
"2009","Hungary","Rape","Convicted person","Total","Number","95",""
"2009","Hungary","Sexual assault","Convicted person","Total","Number","128",""
"2009","Malta","Intentional homicide","Convicted person","Total","Number","4",""
"2009","Malta","Rape","Convicted person","Total","Number",":",""
"2009","Malta","Sexual assault","Convicted person","Total","Number",":",""
"2009","Netherlands","Intentional homicide","Convicted person","Total","Number",":",""
"2009","Netherlands","Rape","Convicted person","Total","Number","144",""
"2009","Netherlands","Sexual assault","Convicted person","Total","Number","1,065",""
"2009","Austria","Intentional homicide","Convicted person","Total","Number","20",""
"2009","Austria","Rape","Convicted person","Total","Number","113",""
"2009","Austria","Sexual assault","Convicted person","Total","Number","526",""
"2009","Poland","Intentional homicide","Convicted person","Total","Number","344",""
"2009","Poland","Rape","Convicted person","Total","Number","898",""
"2009","Poland","Sexual assault","Convicted person","Total","Number","312",""
"2009","Portugal","Intentional homicide","Convicted person","Total","Number","160",""
"2009","Portugal","Rape","Convicted person","Total","Number","54",""
"2009","Portugal","Sexual assault","Convicted person","Total","Number","302",""
"2009","Romania","Intentional homicide","Convicted person","Total","Number","767",""
"2009","Romania","Rape","Convicted person","Total","Number","387",""
"2009","Romania","Sexual assault","Convicted person","Total","Number","149",""
"2009","Slovenia","Intentional homicide","Convicted person","Total","Number","23",""
"2009","Slovenia","Rape","Convicted person","Total","Number","21",""
"2009","Slovenia","Sexual assault","Convicted person","Total","Number","85",""
"2009","Slovakia","Intentional homicide","Convicted person","Total","Number","46",""
"2009","Slovakia","Rape","Convicted person","Total","Number","37",""
"2009","Slovakia","Sexual assault","Convicted person","Total","Number","39",""
"2009","Finland","Intentional homicide","Convicted person","Total","Number","73",""
"2009","Finland","Rape","Convicted person","Total","Number","119",""
"2009","Finland","Sexual assault","Convicted person","Total","Number","376",""
"2009","Sweden","Intentional homicide","Convicted person","Total","Number","150",""
"2009","Sweden","Rape","Convicted person","Total","Number","410",""
"2009","Sweden","Sexual assault","Convicted person","Total","Number","554",""
"2009","Iceland","Intentional homicide","Convicted person","Total","Number",":",""
"2009","Iceland","Rape","Convicted person","Total","Number",":",""
"2009","Iceland","Sexual assault","Convicted person","Total","Number",":",""
"2009","Liechtenstein","Intentional homicide","Convicted person","Total","Number",":",""
"2009","Liechtenstein","Rape","Convicted person","Total","Number",":",""
"2009","Liechtenstein","Sexual assault","Convicted person","Total","Number",":",""
"2009","Norway","Intentional homicide","Convicted person","Total","Number","23",""
"2009","Norway","Rape","Convicted person","Total","Number","161",""
"2009","Norway","Sexual assault","Convicted person","Total","Number","238",""
"2009","Switzerland","Intentional homicide","Convicted person","Total","Number","36",""
"2009","Switzerland","Rape","Convicted person","Total","Number","135",""
"2009","Switzerland","Sexual assault","Convicted person","Total","Number","697",""
"2009","England and Wales","Intentional homicide","Convicted person","Total","Number","376",""
"2009","England and Wales","Rape","Convicted person","Total","Number","997",""
"2009","England and Wales","Sexual assault","Convicted person","Total","Number","4,045",""
"2009","Scotland","Intentional homicide","Convicted person","Total","Number","52",""
"2009","Scotland","Rape","Convicted person","Total","Number","45",""
"2009","Scotland","Sexual assault","Convicted person","Total","Number","158",""
"2009","Northern Ireland (UK)","Intentional homicide","Convicted person","Total","Number","16",""
"2009","Northern Ireland (UK)","Rape","Convicted person","Total","Number","17",""
"2009","Northern Ireland (UK)","Sexual assault","Convicted person","Total","Number","506",""
"2009","Montenegro","Intentional homicide","Convicted person","Total","Number","28",""
"2009","Montenegro","Rape","Convicted person","Total","Number","9",""
"2009","Montenegro","Sexual assault","Convicted person","Total","Number","44",""
"2010","Belgium","Intentional homicide","Convicted person","Total","Number","213",""
"2010","Belgium","Rape","Convicted person","Total","Number","593",""
"2010","Belgium","Sexual assault","Convicted person","Total","Number",":",""
"2010","Bulgaria","Intentional homicide","Convicted person","Total","Number","126",""
"2010","Bulgaria","Rape","Convicted person","Total","Number","149",""
"2010","Bulgaria","Sexual assault","Convicted person","Total","Number","114",""
"2010","Czechia","Intentional homicide","Convicted person","Total","Number","109",""
"2010","Czechia","Rape","Convicted person","Total","Number","174",""
"2010","Czechia","Sexual assault","Convicted person","Total","Number","368",""
"2010","Denmark","Intentional homicide","Convicted person","Total","Number","54",""
"2010","Denmark","Rape","Convicted person","Total","Number","229",""
"2010","Denmark","Sexual assault","Convicted person","Total","Number","242",""
"2010","Germany (until 1990 former territory of the FRG)","Intentional homicide","Convicted person","Total","Number","380",""
"2010","Germany (until 1990 former territory of the FRG)","Rape","Convicted person","Total","Number","859",""
"2010","Germany (until 1990 former territory of the FRG)","Sexual assault","Convicted person","Total","Number","6,757",""
"2010","Estonia","Intentional homicide","Convicted person","Total","Number","53",""
"2010","Estonia","Rape","Convicted person","Total","Number","35",""
"2010","Estonia","Sexual assault","Convicted person","Total","Number","31",""
"2010","Ireland","Intentional homicide","Convicted person","Total","Number","16",""
"2010","Ireland","Rape","Convicted person","Total","Number","37",""
"2010","Ireland","Sexual assault","Convicted person","Total","Number","142",""
"2010","Greece","Intentional homicide","Convicted person","Total","Number",":",""
"2010","Greece","Rape","Convicted person","Total","Number",":",""
"2010","Greece","Sexual assault","Convicted person","Total","Number",":",""
"2010","Spain","Intentional homicide","Convicted person","Total","Number",":",""
"2010","Spain","Rape","Convicted person","Total","Number",":",""
"2010","Spain","Sexual assault","Convicted person","Total","Number",":",""
"2010","France","Intentional homicide","Convicted person","Total","Number","657",""
"2010","France","Rape","Convicted person","Total","Number","1,361",""
"2010","France","Sexual assault","Convicted person","Total","Number","5,488",""
"2010","Croatia","Intentional homicide","Convicted person","Total","Number","34",""
"2010","Croatia","Rape","Convicted person","Total","Number","74",""
"2010","Croatia","Sexual assault","Convicted person","Total","Number","231",""
"2010","Italy","Intentional homicide","Convicted person","Total","Number","590",""
"2010","Italy","Rape","Convicted person","Total","Number","1,540",""
"2010","Italy","Sexual assault","Convicted person","Total","Number",":",""
"2010","Cyprus","Intentional homicide","Convicted person","Total","Number","13",""
"2010","Cyprus","Rape","Convicted person","Total","Number","15",""
"2010","Cyprus","Sexual assault","Convicted person","Total","Number","14",""
"2010","Latvia","Intentional homicide","Convicted person","Total","Number","78",""
"2010","Latvia","Rape","Convicted person","Total","Number","41",""
"2010","Latvia","Sexual assault","Convicted person","Total","Number","24",""
"2010","Lithuania","Intentional homicide","Convicted person","Total","Number","237",""
"2010","Lithuania","Rape","Convicted person","Total","Number","122",""
"2010","Lithuania","Sexual assault","Convicted person","Total","Number","128",""
"2010","Luxembourg","Intentional homicide","Convicted person","Total","Number",":",""
"2010","Luxembourg","Rape","Convicted person","Total","Number",":",""
"2010","Luxembourg","Sexual assault","Convicted person","Total","Number",":",""
"2010","Hungary","Intentional homicide","Convicted person","Total","Number","138",""
"2010","Hungary","Rape","Convicted person","Total","Number","99",""
"2010","Hungary","Sexual assault","Convicted person","Total","Number","120",""
"2010","Malta","Intentional homicide","Convicted person","Total","Number","3",""
"2010","Malta","Rape","Convicted person","Total","Number",":",""
"2010","Malta","Sexual assault","Convicted person","Total","Number",":",""
"2010","Netherlands","Intentional homicide","Convicted person","Total","Number",":",""
"2010","Netherlands","Rape","Convicted person","Total","Number","137",""
"2010","Netherlands","Sexual assault","Convicted person","Total","Number","1,052",""
"2010","Austria","Intentional homicide","Convicted person","Total","Number","39",""
"2010","Austria","Rape","Convicted person","Total","Number","209",""
"2010","Austria","Sexual assault","Convicted person","Total","Number","207",""
"2010","Poland","Intentional homicide","Convicted person","Total","Number","359",""
"2010","Poland","Rape","Convicted person","Total","Number","826",""
"2010","Poland","Sexual assault","Convicted person","Total","Number","254",""
"2010","Portugal","Intentional homicide","Convicted person","Total","Number","120",""
"2010","Portugal","Rape","Convicted person","Total","Number","75",""
"2010","Portugal","Sexual assault","Convicted person","Total","Number","335",""
"2010","Romania","Intentional homicide","Convicted person","Total","Number","883",""
"2010","Romania","Rape","Convicted person","Total","Number","463",""
"2010","Romania","Sexual assault","Convicted person","Total","Number","128",""
"2010","Slovenia","Intentional homicide","Convicted person","Total","Number","18",""
"2010","Slovenia","Rape","Convicted person","Total","Number","16",""
"2010","Slovenia","Sexual assault","Convicted person","Total","Number","88",""
"2010","Slovakia","Intentional homicide","Convicted person","Total","Number","60",""
"2010","Slovakia","Rape","Convicted person","Total","Number","36",""
"2010","Slovakia","Sexual assault","Convicted person","Total","Number","22",""
"2010","Finland","Intentional homicide","Convicted person","Total","Number","74",""
"2010","Finland","Rape","Convicted person","Total","Number","95",""
"2010","Finland","Sexual assault","Convicted person","Total","Number","367",""
"2010","Sweden","Intentional homicide","Convicted person","Total","Number","166",""
"2010","Sweden","Rape","Convicted person","Total","Number","351",""
"2010","Sweden","Sexual assault","Convicted person","Total","Number","608",""
"2010","Iceland","Intentional homicide","Convicted person","Total","Number",":",""
"2010","Iceland","Rape","Convicted person","Total","Number",":",""
"2010","Iceland","Sexual assault","Convicted person","Total","Number",":",""
"2010","Liechtenstein","Intentional homicide","Convicted person","Total","Number","0",""
"2010","Liechtenstein","Rape","Convicted person","Total","Number","0",""
"2010","Liechtenstein","Sexual assault","Convicted person","Total","Number",":",""
"2010","Norway","Intentional homicide","Convicted person","Total","Number","29",""
"2010","Norway","Rape","Convicted person","Total","Number","237",""
"2010","Norway","Sexual assault","Convicted person","Total","Number","307",""
"2010","Switzerland","Intentional homicide","Convicted person","Total","Number","48",""
"2010","Switzerland","Rape","Convicted person","Total","Number","152",""
"2010","Switzerland","Sexual assault","Convicted person","Total","Number","628",""
"2010","England and Wales","Intentional homicide","Convicted person","Total","Number","346",""
"2010","England and Wales","Rape","Convicted person","Total","Number","1,058",""
"2010","England and Wales","Sexual assault","Convicted person","Total","Number","4,675",""
"2010","Scotland","Intentional homicide","Convicted person","Total","Number","49",""
"2010","Scotland","Rape","Convicted person","Total","Number","22",""
"2010","Scotland","Sexual assault","Convicted person","Total","Number","160",""
"2010","Northern Ireland (UK)","Intentional homicide","Convicted person","Total","Number","15",""
"2010","Northern Ireland (UK)","Rape","Convicted person","Total","Number","13",""
"2010","Northern Ireland (UK)","Sexual assault","Convicted person","Total","Number","603",""
"2010","Montenegro","Intentional homicide","Convicted person","Total","Number","4",""
"2010","Montenegro","Rape","Convicted person","Total","Number","2",""
"2010","Montenegro","Sexual assault","Convicted person","Total","Number","12",""
"2011","Belgium","Intentional homicide","Convicted person","Total","Number","246",""
"2011","Belgium","Rape","Convicted person","Total","Number","589",""
"2011","Belgium","Sexual assault","Convicted person","Total","Number",":",""
"2011","Bulgaria","Intentional homicide","Convicted person","Total","Number","114",""
"2011","Bulgaria","Rape","Convicted person","Total","Number","87",""
"2011","Bulgaria","Sexual assault","Convicted person","Total","Number","129",""
"2011","Czechia","Intentional homicide","Convicted person","Total","Number","131",""
"2011","Czechia","Rape","Convicted person","Total","Number","181",""
"2011","Czechia","Sexual assault","Convicted person","Total","Number","311",""
"2011","Denmark","Intentional homicide","Convicted person","Total","Number","26",""
"2011","Denmark","Rape","Convicted person","Total","Number","210",""
"2011","Denmark","Sexual assault","Convicted person","Total","Number","204",""
"2011","Germany (until 1990 former territory of the FRG)","Intentional homicide","Convicted person","Total","Number","325",""
"2011","Germany (until 1990 former territory of the FRG)","Rape","Convicted person","Total","Number","747",""
"2011","Germany (until 1990 former territory of the FRG)","Sexual assault","Convicted person","Total","Number","6,120",""
"2011","Estonia","Intentional homicide","Convicted person","Total","Number","40",""
"2011","Estonia","Rape","Convicted person","Total","Number","18",""
"2011","Estonia","Sexual assault","Convicted person","Total","Number","29",""
"2011","Ireland","Intentional homicide","Convicted person","Total","Number","20",""
"2011","Ireland","Rape","Convicted person","Total","Number","35",""
"2011","Ireland","Sexual assault","Convicted person","Total","Number","104",""
"2011","Greece","Intentional homicide","Convicted person","Total","Number",":",""
"2011","Greece","Rape","Convicted person","Total","Number",":",""
"2011","Greece","Sexual assault","Convicted person","Total","Number",":",""
"2011","Spain","Intentional homicide","Convicted person","Total","Number",":",""
"2011","Spain","Rape","Convicted person","Total","Number",":",""
"2011","Spain","Sexual assault","Convicted person","Total","Number",":",""
"2011","France","Intentional homicide","Convicted person","Total","Number","511",""
"2011","France","Rape","Convicted person","Total","Number","1,258",""
"2011","France","Sexual assault","Convicted person","Total","Number","5,328",""
"2011","Croatia","Intentional homicide","Convicted person","Total","Number","46",""
"2011","Croatia","Rape","Convicted person","Total","Number","54",""
"2011","Croatia","Sexual assault","Convicted person","Total","Number","244",""
"2011","Italy","Intentional homicide","Convicted person","Total","Number","451",""
"2011","Italy","Rape","Convicted person","Total","Number","1,516",""
"2011","Italy","Sexual assault","Convicted person","Total","Number",":",""
"2011","Cyprus","Intentional homicide","Convicted person","Total","Number","2",""
"2011","Cyprus","Rape","Convicted person","Total","Number","13",""
"2011","Cyprus","Sexual assault","Convicted person","Total","Number","29",""
"2011","Latvia","Intentional homicide","Convicted person","Total","Number","63",""
"2011","Latvia","Rape","Convicted person","Total","Number","51",""
"2011","Latvia","Sexual assault","Convicted person","Total","Number","22",""
"2011","Lithuania","Intentional homicide","Convicted person","Total","Number","217",""
"2011","Lithuania","Rape","Convicted person","Total","Number","141",""
"2011","Lithuania","Sexual assault","Convicted person","Total","Number","181",""
"2011","Luxembourg","Intentional homicide","Convicted person","Total","Number",":",""
"2011","Luxembourg","Rape","Convicted person","Total","Number",":",""
"2011","Luxembourg","Sexual assault","Convicted person","Total","Number",":",""
"2011","Hungary","Intentional homicide","Convicted person","Total","Number","110",""
"2011","Hungary","Rape","Convicted person","Total","Number","79",""
"2011","Hungary","Sexual assault","Convicted person","Total","Number","243",""
"2011","Malta","Intentional homicide","Convicted person","Total","Number","3",""
"2011","Malta","Rape","Convicted person","Total","Number",":",""
"2011","Malta","Sexual assault","Convicted person","Total","Number",":",""
"2011","Netherlands","Intentional homicide","Convicted person","Total","Number",":",""
"2011","Netherlands","Rape","Convicted person","Total","Number","108",""
"2011","Netherlands","Sexual assault","Convicted person","Total","Number","941",""
"2011","Austria","Intentional homicide","Convicted person","Total","Number","29",""
"2011","Austria","Rape","Convicted person","Total","Number","188",""
"2011","Austria","Sexual assault","Convicted person","Total","Number","229",""
"2011","Poland","Intentional homicide","Convicted person","Total","Number","351",""
"2011","Poland","Rape","Convicted person","Total","Number","736",""
"2011","Poland","Sexual assault","Convicted person","Total","Number","221",""
"2011","Portugal","Intentional homicide","Convicted person","Total","Number","138",""
"2011","Portugal","Rape","Convicted person","Total","Number","88",""
"2011","Portugal","Sexual assault","Convicted person","Total","Number","330",""
"2011","Romania","Intentional homicide","Convicted person","Total","Number","986",""
"2011","Romania","Rape","Convicted person","Total","Number","483",""
"2011","Romania","Sexual assault","Convicted person","Total","Number","189",""
"2011","Slovenia","Intentional homicide","Convicted person","Total","Number","28",""
"2011","Slovenia","Rape","Convicted person","Total","Number","15",""
"2011","Slovenia","Sexual assault","Convicted person","Total","Number","72",""
"2011","Slovakia","Intentional homicide","Convicted person","Total","Number","43",""
"2011","Slovakia","Rape","Convicted person","Total","Number","31",""
"2011","Slovakia","Sexual assault","Convicted person","Total","Number","22",""
"2011","Finland","Intentional homicide","Convicted person","Total","Number","82",""
"2011","Finland","Rape","Convicted person","Total","Number","129",""
"2011","Finland","Sexual assault","Convicted person","Total","Number","377",""
"2011","Sweden","Intentional homicide","Convicted person","Total","Number","134",""
"2011","Sweden","Rape","Convicted person","Total","Number","328",""
"2011","Sweden","Sexual assault","Convicted person","Total","Number","589",""
"2011","Iceland","Intentional homicide","Convicted person","Total","Number",":",""
"2011","Iceland","Rape","Convicted person","Total","Number",":",""
"2011","Iceland","Sexual assault","Convicted person","Total","Number",":",""
"2011","Liechtenstein","Intentional homicide","Convicted person","Total","Number",":",""
"2011","Liechtenstein","Rape","Convicted person","Total","Number",":",""
"2011","Liechtenstein","Sexual assault","Convicted person","Total","Number",":",""
"2011","Norway","Intentional homicide","Convicted person","Total","Number","22",""
"2011","Norway","Rape","Convicted person","Total","Number","181",""
"2011","Norway","Sexual assault","Convicted person","Total","Number","253",""
"2011","Switzerland","Intentional homicide","Convicted person","Total","Number","30",""
"2011","Switzerland","Rape","Convicted person","Total","Number","98",""
"2011","Switzerland","Sexual assault","Convicted person","Total","Number","544",""
"2011","England and Wales","Intentional homicide","Convicted person","Total","Number","343",""
"2011","England and Wales","Rape","Convicted person","Total","Number","1,153",""
"2011","England and Wales","Sexual assault","Convicted person","Total","Number","4,805",""
"2011","Scotland","Intentional homicide","Convicted person","Total","Number","53",""
"2011","Scotland","Rape","Convicted person","Total","Number","36",""
"2011","Scotland","Sexual assault","Convicted person","Total","Number","151",""
"2011","Northern Ireland (UK)","Intentional homicide","Convicted person","Total","Number","13",""
"2011","Northern Ireland (UK)","Rape","Convicted person","Total","Number","7",""
"2011","Northern Ireland (UK)","Sexual assault","Convicted person","Total","Number","612",""
"2011","Montenegro","Intentional homicide","Convicted person","Total","Number","6",""
"2011","Montenegro","Rape","Convicted person","Total","Number","7",""
"2011","Montenegro","Sexual assault","Convicted person","Total","Number","17",""
"2012","Belgium","Intentional homicide","Convicted person","Total","Number","294",""
"2012","Belgium","Rape","Convicted person","Total","Number","526",""
"2012","Belgium","Sexual assault","Convicted person","Total","Number",":",""
"2012","Bulgaria","Intentional homicide","Convicted person","Total","Number","107",""
"2012","Bulgaria","Rape","Convicted person","Total","Number","99",""
"2012","Bulgaria","Sexual assault","Convicted person","Total","Number","133",""
"2012","Czechia","Intentional homicide","Convicted person","Total","Number","111",""
"2012","Czechia","Rape","Convicted person","Total","Number","198",""
"2012","Czechia","Sexual assault","Convicted person","Total","Number","327",""
"2012","Denmark","Intentional homicide","Convicted person","Total","Number","34",""
"2012","Denmark","Rape","Convicted person","Total","Number","234",""
"2012","Denmark","Sexual assault","Convicted person","Total","Number","204",""
"2012","Germany (until 1990 former territory of the FRG)","Intentional homicide","Convicted person","Total","Number","355",""
"2012","Germany (until 1990 former territory of the FRG)","Rape","Convicted person","Total","Number","671",""
"2012","Germany (until 1990 former territory of the FRG)","Sexual assault","Convicted person","Total","Number","6,367",""
"2012","Estonia","Intentional homicide","Convicted person","Total","Number","59",""
"2012","Estonia","Rape","Convicted person","Total","Number","29",""
"2012","Estonia","Sexual assault","Convicted person","Total","Number","22",""
"2012","Ireland","Intentional homicide","Convicted person","Total","Number","20",""
"2012","Ireland","Rape","Convicted person","Total","Number","35",""
"2012","Ireland","Sexual assault","Convicted person","Total","Number","72",""
"2012","Greece","Intentional homicide","Convicted person","Total","Number",":",""
"2012","Greece","Rape","Convicted person","Total","Number",":",""
"2012","Greece","Sexual assault","Convicted person","Total","Number",":",""
"2012","Spain","Intentional homicide","Convicted person","Total","Number","84",""
"2012","Spain","Rape","Convicted person","Total","Number",":",""
"2012","Spain","Sexual assault","Convicted person","Total","Number",":",""
"2012","France","Intentional homicide","Convicted person","Total","Number","583",""
"2012","France","Rape","Convicted person","Total","Number","1,275",""
"2012","France","Sexual assault","Convicted person","Total","Number","5,318",""
"2012","Croatia","Intentional homicide","Convicted person","Total","Number","47",""
"2012","Croatia","Rape","Convicted person","Total","Number","48",""
"2012","Croatia","Sexual assault","Convicted person","Total","Number","235",""
"2012","Italy","Intentional homicide","Convicted person","Total","Number","493",""
"2012","Italy","Rape","Convicted person","Total","Number","1,501",""
"2012","Italy","Sexual assault","Convicted person","Total","Number",":",""
"2012","Cyprus","Intentional homicide","Convicted person","Total","Number","9",""
"2012","Cyprus","Rape","Convicted person","Total","Number","15",""
"2012","Cyprus","Sexual assault","Convicted person","Total","Number","151",""
"2012","Latvia","Intentional homicide","Convicted person","Total","Number","84",""
"2012","Latvia","Rape","Convicted person","Total","Number","51",""
"2012","Latvia","Sexual assault","Convicted person","Total","Number","33",""
"2012","Lithuania","Intentional homicide","Convicted person","Total","Number","188",""
"2012","Lithuania","Rape","Convicted person","Total","Number","106",""
"2012","Lithuania","Sexual assault","Convicted person","Total","Number","159",""
"2012","Luxembourg","Intentional homicide","Convicted person","Total","Number",":",""
"2012","Luxembourg","Rape","Convicted person","Total","Number",":",""
"2012","Luxembourg","Sexual assault","Convicted person","Total","Number",":",""
"2012","Hungary","Intentional homicide","Convicted person","Total","Number","136",""
"2012","Hungary","Rape","Convicted person","Total","Number","84",""
"2012","Hungary","Sexual assault","Convicted person","Total","Number","262",""
"2012","Malta","Intentional homicide","Convicted person","Total","Number","2",""
"2012","Malta","Rape","Convicted person","Total","Number",":",""
"2012","Malta","Sexual assault","Convicted person","Total","Number",":",""
"2012","Netherlands","Intentional homicide","Convicted person","Total","Number",":",""
"2012","Netherlands","Rape","Convicted person","Total","Number","117",""
"2012","Netherlands","Sexual assault","Convicted person","Total","Number","904",""
"2012","Austria","Intentional homicide","Convicted person","Total","Number","39",""
"2012","Austria","Rape","Convicted person","Total","Number","171",""
"2012","Austria","Sexual assault","Convicted person","Total","Number","214",""
"2012","Poland","Intentional homicide","Convicted person","Total","Number","349",""
"2012","Poland","Rape","Convicted person","Total","Number","775",""
"2012","Poland","Sexual assault","Convicted person","Total","Number","255",""
"2012","Portugal","Intentional homicide","Convicted person","Total","Number","135",""
"2012","Portugal","Rape","Convicted person","Total","Number","88",""
"2012","Portugal","Sexual assault","Convicted person","Total","Number","396",""
"2012","Romania","Intentional homicide","Convicted person","Total","Number","802",""
"2012","Romania","Rape","Convicted person","Total","Number","422",""
"2012","Romania","Sexual assault","Convicted person","Total","Number","226",""
"2012","Slovenia","Intentional homicide","Convicted person","Total","Number","24",""
"2012","Slovenia","Rape","Convicted person","Total","Number","23",""
"2012","Slovenia","Sexual assault","Convicted person","Total","Number","71",""
"2012","Slovakia","Intentional homicide","Convicted person","Total","Number","44",""
"2012","Slovakia","Rape","Convicted person","Total","Number","46",""
"2012","Slovakia","Sexual assault","Convicted person","Total","Number","23",""
"2012","Finland","Intentional homicide","Convicted person","Total","Number","71",""
"2012","Finland","Rape","Convicted person","Total","Number","191",""
"2012","Finland","Sexual assault","Convicted person","Total","Number","362",""
"2012","Sweden","Intentional homicide","Convicted person","Total","Number","130",""
"2012","Sweden","Rape","Convicted person","Total","Number","320",""
"2012","Sweden","Sexual assault","Convicted person","Total","Number","526",""
"2012","Iceland","Intentional homicide","Convicted person","Total","Number",":",""
"2012","Iceland","Rape","Convicted person","Total","Number",":",""
"2012","Iceland","Sexual assault","Convicted person","Total","Number",":",""
"2012","Liechtenstein","Intentional homicide","Convicted person","Total","Number",":",""
"2012","Liechtenstein","Rape","Convicted person","Total","Number",":",""
"2012","Liechtenstein","Sexual assault","Convicted person","Total","Number",":",""
"2012","Norway","Intentional homicide","Convicted person","Total","Number","27",""
"2012","Norway","Rape","Convicted person","Total","Number","218",""
"2012","Norway","Sexual assault","Convicted person","Total","Number","284",""
"2012","Switzerland","Intentional homicide","Convicted person","Total","Number","41",""
"2012","Switzerland","Rape","Convicted person","Total","Number","125",""
"2012","Switzerland","Sexual assault","Convicted person","Total","Number","557",""
"2012","England and Wales","Intentional homicide","Convicted person","Total","Number","356",""
"2012","England and Wales","Rape","Convicted person","Total","Number","1,145",""
"2012","England and Wales","Sexual assault","Convicted person","Total","Number","4,583",""
"2012","Scotland","Intentional homicide","Convicted person","Total","Number","48",""
"2012","Scotland","Rape","Convicted person","Total","Number","64",""
"2012","Scotland","Sexual assault","Convicted person","Total","Number","204",""
"2012","Northern Ireland (UK)","Intentional homicide","Convicted person","Total","Number","9",""
"2012","Northern Ireland (UK)","Rape","Convicted person","Total","Number","20",""
"2012","Northern Ireland (UK)","Sexual assault","Convicted person","Total","Number","688",""
"2012","Montenegro","Intentional homicide","Convicted person","Total","Number","6",""
"2012","Montenegro","Rape","Convicted person","Total","Number","3",""
"2012","Montenegro","Sexual assault","Convicted person","Total","Number","13",""
"2013","Belgium","Intentional homicide","Convicted person","Total","Number","249",""
"2013","Belgium","Rape","Convicted person","Total","Number","480",""
"2013","Belgium","Sexual assault","Convicted person","Total","Number",":",""
"2013","Bulgaria","Intentional homicide","Convicted person","Total","Number","76",""
"2013","Bulgaria","Rape","Convicted person","Total","Number","101",""
"2013","Bulgaria","Sexual assault","Convicted person","Total","Number","131",""
"2013","Czechia","Intentional homicide","Convicted person","Total","Number","125",""
"2013","Czechia","Rape","Convicted person","Total","Number","205",""
"2013","Czechia","Sexual assault","Convicted person","Total","Number","345",""
"2013","Denmark","Intentional homicide","Convicted person","Total","Number","24",""
"2013","Denmark","Rape","Convicted person","Total","Number","212",""
"2013","Denmark","Sexual assault","Convicted person","Total","Number","214",""
"2013","Germany (until 1990 former territory of the FRG)","Intentional homicide","Convicted person","Total","Number","288",""
"2013","Germany (until 1990 former territory of the FRG)","Rape","Convicted person","Total","Number","597",""
"2013","Germany (until 1990 former territory of the FRG)","Sexual assault","Convicted person","Total","Number","6,116",""
"2013","Estonia","Intentional homicide","Convicted person","Total","Number","69",""
"2013","Estonia","Rape","Convicted person","Total","Number","33",""
"2013","Estonia","Sexual assault","Convicted person","Total","Number","34",""
"2013","Ireland","Intentional homicide","Convicted person","Total","Number","18",""
"2013","Ireland","Rape","Convicted person","Total","Number","35",""
"2013","Ireland","Sexual assault","Convicted person","Total","Number",":",""
"2013","Greece","Intentional homicide","Convicted person","Total","Number",":",""
"2013","Greece","Rape","Convicted person","Total","Number",":",""
"2013","Greece","Sexual assault","Convicted person","Total","Number",":",""
"2013","Spain","Intentional homicide","Convicted person","Total","Number","95",""
"2013","Spain","Rape","Convicted person","Total","Number",":",""
"2013","Spain","Sexual assault","Convicted person","Total","Number",":",""
"2013","France","Intentional homicide","Convicted person","Total","Number","556",""
"2013","France","Rape","Convicted person","Total","Number","1,196",""
"2013","France","Sexual assault","Convicted person","Total","Number","4,882",""
"2013","Croatia","Intentional homicide","Convicted person","Total","Number","52",""
"2013","Croatia","Rape","Convicted person","Total","Number","47",""
"2013","Croatia","Sexual assault","Convicted person","Total","Number","170",""
"2013","Italy","Intentional homicide","Convicted person","Total","Number","535",""
"2013","Italy","Rape","Convicted person","Total","Number","1,501",""
"2013","Italy","Sexual assault","Convicted person","Total","Number",":",""
"2013","Cyprus","Intentional homicide","Convicted person","Total","Number","18",""
"2013","Cyprus","Rape","Convicted person","Total","Number","10",""
"2013","Cyprus","Sexual assault","Convicted person","Total","Number","125",""
"2013","Latvia","Intentional homicide","Convicted person","Total","Number","104",""
"2013","Latvia","Rape","Convicted person","Total","Number","34",""
"2013","Latvia","Sexual assault","Convicted person","Total","Number","27",""
"2013","Lithuania","Intentional homicide","Convicted person","Total","Number","173",""
"2013","Lithuania","Rape","Convicted person","Total","Number","82",""
"2013","Lithuania","Sexual assault","Convicted person","Total","Number","108",""
"2013","Luxembourg","Intentional homicide","Convicted person","Total","Number",":",""
"2013","Luxembourg","Rape","Convicted person","Total","Number",":",""
"2013","Luxembourg","Sexual assault","Convicted person","Total","Number",":",""
"2013","Hungary","Intentional homicide","Convicted person","Total","Number","121",""
"2013","Hungary","Rape","Convicted person","Total","Number","175",""
"2013","Hungary","Sexual assault","Convicted person","Total","Number","211",""
"2013","Malta","Intentional homicide","Convicted person","Total","Number","2",""
"2013","Malta","Rape","Convicted person","Total","Number",":",""
"2013","Malta","Sexual assault","Convicted person","Total","Number",":",""
"2013","Netherlands","Intentional homicide","Convicted person","Total","Number","704",""
"2013","Netherlands","Rape","Convicted person","Total","Number","303",""
"2013","Netherlands","Sexual assault","Convicted person","Total","Number","218",""
"2013","Austria","Intentional homicide","Convicted person","Total","Number","33",""
"2013","Austria","Rape","Convicted person","Total","Number","199",""
"2013","Austria","Sexual assault","Convicted person","Total","Number","110",""
"2013","Poland","Intentional homicide","Convicted person","Total","Number","325",""
"2013","Poland","Rape","Convicted person","Total","Number","432",""
"2013","Poland","Sexual assault","Convicted person","Total","Number","145",""
"2013","Portugal","Intentional homicide","Convicted person","Total","Number","132",""
"2013","Portugal","Rape","Convicted person","Total","Number","79",""
"2013","Portugal","Sexual assault","Convicted person","Total","Number","378",""
"2013","Romania","Intentional homicide","Convicted person","Total","Number","828",""
"2013","Romania","Rape","Convicted person","Total","Number","368",""
"2013","Romania","Sexual assault","Convicted person","Total","Number","237",""
"2013","Slovenia","Intentional homicide","Convicted person","Total","Number","39",""
"2013","Slovenia","Rape","Convicted person","Total","Number","24",""
"2013","Slovenia","Sexual assault","Convicted person","Total","Number","22",""
"2013","Slovakia","Intentional homicide","Convicted person","Total","Number","41",""
"2013","Slovakia","Rape","Convicted person","Total","Number","35",""
"2013","Slovakia","Sexual assault","Convicted person","Total","Number","27",""
"2013","Finland","Intentional homicide","Convicted person","Total","Number","67",""
"2013","Finland","Rape","Convicted person","Total","Number","148",""
"2013","Finland","Sexual assault","Convicted person","Total","Number","338",""
"2013","Sweden","Intentional homicide","Convicted person","Total","Number","146",""
"2013","Sweden","Rape","Convicted person","Total","Number","311",""
"2013","Sweden","Sexual assault","Convicted person","Total","Number","504",""
"2013","Iceland","Intentional homicide","Convicted person","Total","Number","1",""
"2013","Iceland","Rape","Convicted person","Total","Number","18",""
"2013","Iceland","Sexual assault","Convicted person","Total","Number","95",""
"2013","Liechtenstein","Intentional homicide","Convicted person","Total","Number",":",""
"2013","Liechtenstein","Rape","Convicted person","Total","Number",":",""
"2013","Liechtenstein","Sexual assault","Convicted person","Total","Number",":",""
"2013","Norway","Intentional homicide","Convicted person","Total","Number","27",""
"2013","Norway","Rape","Convicted person","Total","Number","217",""
"2013","Norway","Sexual assault","Convicted person","Total","Number","251",""
"2013","Switzerland","Intentional homicide","Convicted person","Total","Number","34",""
"2013","Switzerland","Rape","Convicted person","Total","Number","121",""
"2013","Switzerland","Sexual assault","Convicted person","Total","Number","606",""
"2013","England and Wales","Intentional homicide","Convicted person","Total","Number","321",""
"2013","England and Wales","Rape","Convicted person","Total","Number","2,593",""
"2013","England and Wales","Sexual assault","Convicted person","Total","Number","4,544",""
"2013","Scotland","Intentional homicide","Convicted person","Total","Number","47",""
"2013","Scotland","Rape","Convicted person","Total","Number","84",""
"2013","Scotland","Sexual assault","Convicted person","Total","Number","235",""
"2013","Northern Ireland (UK)","Intentional homicide","Convicted person","Total","Number","13",""
"2013","Northern Ireland (UK)","Rape","Convicted person","Total","Number","14",""
"2013","Northern Ireland (UK)","Sexual assault","Convicted person","Total","Number","183",""
"2013","Montenegro","Intentional homicide","Convicted person","Total","Number","36",""
"2013","Montenegro","Rape","Convicted person","Total","Number","7",""
"2013","Montenegro","Sexual assault","Convicted person","Total","Number","29",""
"2014","Belgium","Intentional homicide","Convicted person","Total","Number","229",""
"2014","Belgium","Rape","Convicted person","Total","Number","474",""
"2014","Belgium","Sexual assault","Convicted person","Total","Number",":",""
"2014","Bulgaria","Intentional homicide","Convicted person","Total","Number","74",""
"2014","Bulgaria","Rape","Convicted person","Total","Number","87",""
"2014","Bulgaria","Sexual assault","Convicted person","Total","Number","102",""
"2014","Czechia","Intentional homicide","Convicted person","Total","Number","137",""
"2014","Czechia","Rape","Convicted person","Total","Number","172",""
"2014","Czechia","Sexual assault","Convicted person","Total","Number","356",""
"2014","Denmark","Intentional homicide","Convicted person","Total","Number","25",""
"2014","Denmark","Rape","Convicted person","Total","Number","188",""
"2014","Denmark","Sexual assault","Convicted person","Total","Number","276",""
"2014","Germany (until 1990 former territory of the FRG)","Intentional homicide","Convicted person","Total","Number","320",""
"2014","Germany (until 1990 former territory of the FRG)","Rape","Convicted person","Total","Number","566",""
"2014","Germany (until 1990 former territory of the FRG)","Sexual assault","Convicted person","Total","Number","6,246",""
"2014","Estonia","Intentional homicide","Convicted person","Total","Number","32",""
"2014","Estonia","Rape","Convicted person","Total","Number","22",""
"2014","Estonia","Sexual assault","Convicted person","Total","Number","10",""
"2014","Ireland","Intentional homicide","Convicted person","Total","Number","21",""
"2014","Ireland","Rape","Convicted person","Total","Number","125",""
"2014","Ireland","Sexual assault","Convicted person","Total","Number",":",""
"2014","Greece","Intentional homicide","Convicted person","Total","Number",":",""
"2014","Greece","Rape","Convicted person","Total","Number",":",""
"2014","Greece","Sexual assault","Convicted person","Total","Number",":",""
"2014","Spain","Intentional homicide","Convicted person","Total","Number","227",""
"2014","Spain","Rape","Convicted person","Total","Number","64",""
"2014","Spain","Sexual assault","Convicted person","Total","Number","488",""
"2014","France","Intentional homicide","Convicted person","Total","Number","398",""
"2014","France","Rape","Convicted person","Total","Number","906",""
"2014","France","Sexual assault","Convicted person","Total","Number","4,478",""
"2014","Croatia","Intentional homicide","Convicted person","Total","Number","47",""
"2014","Croatia","Rape","Convicted person","Total","Number","54",""
"2014","Croatia","Sexual assault","Convicted person","Total","Number","192",""
"2014","Italy","Intentional homicide","Convicted person","Total","Number","602",""
"2014","Italy","Rape","Convicted person","Total","Number","1,582",""
"2014","Italy","Sexual assault","Convicted person","Total","Number",":",""
"2014","Cyprus","Intentional homicide","Convicted person","Total","Number","6",""
"2014","Cyprus","Rape","Convicted person","Total","Number","9",""
"2014","Cyprus","Sexual assault","Convicted person","Total","Number","36",""
"2014","Latvia","Intentional homicide","Convicted person","Total","Number","122",""
"2014","Latvia","Rape","Convicted person","Total","Number","55",""
"2014","Latvia","Sexual assault","Convicted person","Total","Number","31",""
"2014","Lithuania","Intentional homicide","Convicted person","Total","Number","197",""
"2014","Lithuania","Rape","Convicted person","Total","Number","83",""
"2014","Lithuania","Sexual assault","Convicted person","Total","Number","147",""
"2014","Luxembourg","Intentional homicide","Convicted person","Total","Number",":",""
"2014","Luxembourg","Rape","Convicted person","Total","Number",":",""
"2014","Luxembourg","Sexual assault","Convicted person","Total","Number",":",""
"2014","Hungary","Intentional homicide","Convicted person","Total","Number","156",""
"2014","Hungary","Rape","Convicted person","Total","Number","93",""
"2014","Hungary","Sexual assault","Convicted person","Total","Number","55",""
"2014","Malta","Intentional homicide","Convicted person","Total","Number","0",""
"2014","Malta","Rape","Convicted person","Total","Number",":",""
"2014","Malta","Sexual assault","Convicted person","Total","Number",":",""
"2014","Netherlands","Intentional homicide","Convicted person","Total","Number","587",""
"2014","Netherlands","Rape","Convicted person","Total","Number","267",""
"2014","Netherlands","Sexual assault","Convicted person","Total","Number","203",""
"2014","Austria","Intentional homicide","Convicted person","Total","Number","35",""
"2014","Austria","Rape","Convicted person","Total","Number","187",""
"2014","Austria","Sexual assault","Convicted person","Total","Number","123",""
"2014","Poland","Intentional homicide","Convicted person","Total","Number","257",""
"2014","Poland","Rape","Convicted person","Total","Number","416",""
"2014","Poland","Sexual assault","Convicted person","Total","Number","135",""
"2014","Portugal","Intentional homicide","Convicted person","Total","Number","118",""
"2014","Portugal","Rape","Convicted person","Total","Number","76",""
"2014","Portugal","Sexual assault","Convicted person","Total","Number","318",""
"2014","Romania","Intentional homicide","Convicted person","Total","Number","872",""
"2014","Romania","Rape","Convicted person","Total","Number","424",""
"2014","Romania","Sexual assault","Convicted person","Total","Number","4",""
"2014","Slovenia","Intentional homicide","Convicted person","Total","Number","37",""
"2014","Slovenia","Rape","Convicted person","Total","Number","13",""
"2014","Slovenia","Sexual assault","Convicted person","Total","Number","19",""
"2014","Slovakia","Intentional homicide","Convicted person","Total","Number","46",""
"2014","Slovakia","Rape","Convicted person","Total","Number","32",""
"2014","Slovakia","Sexual assault","Convicted person","Total","Number","19",""
"2014","Finland","Intentional homicide","Convicted person","Total","Number","74",""
"2014","Finland","Rape","Convicted person","Total","Number","148",""
"2014","Finland","Sexual assault","Convicted person","Total","Number","395",""
"2014","Sweden","Intentional homicide","Convicted person","Total","Number","136",""
"2014","Sweden","Rape","Convicted person","Total","Number","320",""
"2014","Sweden","Sexual assault","Convicted person","Total","Number","452",""
"2014","Iceland","Intentional homicide","Convicted person","Total","Number",":",""
"2014","Iceland","Rape","Convicted person","Total","Number",":",""
"2014","Iceland","Sexual assault","Convicted person","Total","Number",":",""
"2014","Liechtenstein","Intentional homicide","Convicted person","Total","Number",":",""
"2014","Liechtenstein","Rape","Convicted person","Total","Number",":",""
"2014","Liechtenstein","Sexual assault","Convicted person","Total","Number",":",""
"2014","Norway","Intentional homicide","Convicted person","Total","Number","25",""
"2014","Norway","Rape","Convicted person","Total","Number","200",""
"2014","Norway","Sexual assault","Convicted person","Total","Number","252",""
"2014","Switzerland","Intentional homicide","Convicted person","Total","Number","35",""
"2014","Switzerland","Rape","Convicted person","Total","Number","121",""
"2014","Switzerland","Sexual assault","Convicted person","Total","Number","593",""
"2014","England and Wales","Intentional homicide","Convicted person","Total","Number","347",""
"2014","England and Wales","Rape","Convicted person","Total","Number","2,796",""
"2014","England and Wales","Sexual assault","Convicted person","Total","Number","5,087",""
"2014","Scotland","Intentional homicide","Convicted person","Total","Number","31",""
"2014","Scotland","Rape","Convicted person","Total","Number","116",""
"2014","Scotland","Sexual assault","Convicted person","Total","Number","236",""
"2014","Northern Ireland (UK)","Intentional homicide","Convicted person","Total","Number","7",""
"2014","Northern Ireland (UK)","Rape","Convicted person","Total","Number","28",""
"2014","Northern Ireland (UK)","Sexual assault","Convicted person","Total","Number","157",""
"2014","Montenegro","Intentional homicide","Convicted person","Total","Number","20",""
"2014","Montenegro","Rape","Convicted person","Total","Number","7",""
"2014","Montenegro","Sexual assault","Convicted person","Total","Number","5",""
"2015","Belgium","Intentional homicide","Convicted person","Total","Number","86",""
"2015","Belgium","Rape","Convicted person","Total","Number","388",""
"2015","Belgium","Sexual assault","Convicted person","Total","Number","496",""
"2015","Bulgaria","Intentional homicide","Convicted person","Total","Number","98",""
"2015","Bulgaria","Rape","Convicted person","Total","Number","51",""
"2015","Bulgaria","Sexual assault","Convicted person","Total","Number","78",""
"2015","Czechia","Intentional homicide","Convicted person","Total","Number","114",""
"2015","Czechia","Rape","Convicted person","Total","Number","166",""
"2015","Czechia","Sexual assault","Convicted person","Total","Number","348",""
"2015","Denmark","Intentional homicide","Convicted person","Total","Number","36",""
"2015","Denmark","Rape","Convicted person","Total","Number","203",""
"2015","Denmark","Sexual assault","Convicted person","Total","Number","305",""
"2015","Germany (until 1990 former territory of the FRG)","Intentional homicide","Convicted person","Total","Number","335",""
"2015","Germany (until 1990 former territory of the FRG)","Rape","Convicted person","Total","Number","568",""
"2015","Germany (until 1990 former territory of the FRG)","Sexual assault","Convicted person","Total","Number","6,146",""
"2015","Estonia","Intentional homicide","Convicted person","Total","Number","36",""
"2015","Estonia","Rape","Convicted person","Total","Number","47",""
"2015","Estonia","Sexual assault","Convicted person","Total","Number","34",""
"2015","Ireland","Intentional homicide","Convicted person","Total","Number","21",""
"2015","Ireland","Rape","Convicted person","Total","Number","156",""
"2015","Ireland","Sexual assault","Convicted person","Total","Number",":",""
"2015","Greece","Intentional homicide","Convicted person","Total","Number",":",""
"2015","Greece","Rape","Convicted person","Total","Number",":",""
"2015","Greece","Sexual assault","Convicted person","Total","Number",":",""
"2015","Spain","Intentional homicide","Convicted person","Total","Number","245",""
"2015","Spain","Rape","Convicted person","Total","Number","40",""
"2015","Spain","Sexual assault","Convicted person","Total","Number","455",""
"2015","France","Intentional homicide","Convicted person","Total","Number","421",""
"2015","France","Rape","Convicted person","Total","Number","892",""
"2015","France","Sexual assault","Convicted person","Total","Number","4,576",""
"2015","Croatia","Intentional homicide","Convicted person","Total","Number","31",""
"2015","Croatia","Rape","Convicted person","Total","Number","35",""
"2015","Croatia","Sexual assault","Convicted person","Total","Number","191",""
"2015","Italy","Intentional homicide","Convicted person","Total","Number","517",""
"2015","Italy","Rape","Convicted person","Total","Number","1,325",""
"2015","Italy","Sexual assault","Convicted person","Total","Number",":",""
"2015","Cyprus","Intentional homicide","Convicted person","Total","Number","3",""
"2015","Cyprus","Rape","Convicted person","Total","Number","9",""
"2015","Cyprus","Sexual assault","Convicted person","Total","Number","46",""
"2015","Latvia","Intentional homicide","Convicted person","Total","Number","116",""
"2015","Latvia","Rape","Convicted person","Total","Number","42",""
"2015","Latvia","Sexual assault","Convicted person","Total","Number","39",""
"2015","Lithuania","Intentional homicide","Convicted person","Total","Number","130",""
"2015","Lithuania","Rape","Convicted person","Total","Number","100",""
"2015","Lithuania","Sexual assault","Convicted person","Total","Number","164",""
"2015","Luxembourg","Intentional homicide","Convicted person","Total","Number",":",""
"2015","Luxembourg","Rape","Convicted person","Total","Number",":",""
"2015","Luxembourg","Sexual assault","Convicted person","Total","Number","38",""
"2015","Hungary","Intentional homicide","Convicted person","Total","Number","75",""
"2015","Hungary","Rape","Convicted person","Total","Number","154",""
"2015","Hungary","Sexual assault","Convicted person","Total","Number","64",""
"2015","Malta","Intentional homicide","Convicted person","Total","Number","3",""
"2015","Malta","Rape","Convicted person","Total","Number","0",""
"2015","Malta","Sexual assault","Convicted person","Total","Number",":",""
"2015","Netherlands","Intentional homicide","Convicted person","Total","Number","530",""
"2015","Netherlands","Rape","Convicted person","Total","Number","278",""
"2015","Netherlands","Sexual assault","Convicted person","Total","Number","163",""
"2015","Austria","Intentional homicide","Convicted person","Total","Number","25",""
"2015","Austria","Rape","Convicted person","Total","Number","177",""
"2015","Austria","Sexual assault","Convicted person","Total","Number","126",""
"2015","Poland","Intentional homicide","Convicted person","Total","Number","248",""
"2015","Poland","Rape","Convicted person","Total","Number","395",""
"2015","Poland","Sexual assault","Convicted person","Total","Number","126",""
"2015","Portugal","Intentional homicide","Convicted person","Total","Number","109",""
"2015","Portugal","Rape","Convicted person","Total","Number","89",""
"2015","Portugal","Sexual assault","Convicted person","Total","Number","439",""
"2015","Romania","Intentional homicide","Convicted person","Total","Number","834",""
"2015","Romania","Rape","Convicted person","Total","Number","405",""
"2015","Romania","Sexual assault","Convicted person","Total","Number","18",""
"2015","Slovenia","Intentional homicide","Convicted person","Total","Number","22",""
"2015","Slovenia","Rape","Convicted person","Total","Number","20",""
"2015","Slovenia","Sexual assault","Convicted person","Total","Number","16",""
"2015","Slovakia","Intentional homicide","Convicted person","Total","Number","28",""
"2015","Slovakia","Rape","Convicted person","Total","Number","32",""
"2015","Slovakia","Sexual assault","Convicted person","Total","Number","18",""
"2015","Finland","Intentional homicide","Convicted person","Total","Number","55",""
"2015","Finland","Rape","Convicted person","Total","Number","162",""
"2015","Finland","Sexual assault","Convicted person","Total","Number","366",""
"2015","Sweden","Intentional homicide","Convicted person","Total","Number","156",""
"2015","Sweden","Rape","Convicted person","Total","Number","291",""
"2015","Sweden","Sexual assault","Convicted person","Total","Number","438",""
"2015","Iceland","Intentional homicide","Convicted person","Total","Number","3",""
"2015","Iceland","Rape","Convicted person","Total","Number",":",""
"2015","Iceland","Sexual assault","Convicted person","Total","Number",":",""
"2015","Liechtenstein","Intentional homicide","Convicted person","Total","Number",":",""
"2015","Liechtenstein","Rape","Convicted person","Total","Number",":",""
"2015","Liechtenstein","Sexual assault","Convicted person","Total","Number",":",""
"2015","Norway","Intentional homicide","Convicted person","Total","Number","24",""
"2015","Norway","Rape","Convicted person","Total","Number","180",""
"2015","Norway","Sexual assault","Convicted person","Total","Number","261",""
"2015","Switzerland","Intentional homicide","Convicted person","Total","Number","38",""
"2015","Switzerland","Rape","Convicted person","Total","Number","114",""
"2015","Switzerland","Sexual assault","Convicted person","Total","Number","612",""
"2015","England and Wales","Intentional homicide","Convicted person","Total","Number","266",""
"2015","England and Wales","Rape","Convicted person","Total","Number","3,204",""
"2015","England and Wales","Sexual assault","Convicted person","Total","Number","5,588",""
"2015","Scotland","Intentional homicide","Convicted person","Total","Number","27",""
"2015","Scotland","Rape","Convicted person","Total","Number","91",""
"2015","Scotland","Sexual assault","Convicted person","Total","Number","276",""
"2015","Northern Ireland (UK)","Intentional homicide","Convicted person","Total","Number","7",""
"2015","Northern Ireland (UK)","Rape","Convicted person","Total","Number","12",""
"2015","Northern Ireland (UK)","Sexual assault","Convicted person","Total","Number","151",""
"2015","Montenegro","Intentional homicide","Convicted person","Total","Number","15",""
"2015","Montenegro","Rape","Convicted person","Total","Number","3",""
"2015","Montenegro","Sexual assault","Convicted person","Total","Number","17",""
"2016","Belgium","Intentional homicide","Convicted person","Total","Number","95",""
"2016","Belgium","Rape","Convicted person","Total","Number","337",""
"2016","Belgium","Sexual assault","Convicted person","Total","Number","468",""
"2016","Bulgaria","Intentional homicide","Convicted person","Total","Number","82",""
"2016","Bulgaria","Rape","Convicted person","Total","Number","61",""
"2016","Bulgaria","Sexual assault","Convicted person","Total","Number","103",""
"2016","Czechia","Intentional homicide","Convicted person","Total","Number","99",""
"2016","Czechia","Rape","Convicted person","Total","Number","234",""
"2016","Czechia","Sexual assault","Convicted person","Total","Number","360",""
"2016","Denmark","Intentional homicide","Convicted person","Total","Number","20",""
"2016","Denmark","Rape","Convicted person","Total","Number","231",""
"2016","Denmark","Sexual assault","Convicted person","Total","Number","302",""
"2016","Germany (until 1990 former territory of the FRG)","Intentional homicide","Convicted person","Total","Number","320",""
"2016","Germany (until 1990 former territory of the FRG)","Rape","Convicted person","Total","Number","528",""
"2016","Germany (until 1990 former territory of the FRG)","Sexual assault","Convicted person","Total","Number","5,888",""
"2016","Estonia","Intentional homicide","Convicted person","Total","Number","36",""
"2016","Estonia","Rape","Convicted person","Total","Number","33",""
"2016","Estonia","Sexual assault","Convicted person","Total","Number","11",""
"2016","Ireland","Intentional homicide","Convicted person","Total","Number",":",""
"2016","Ireland","Rape","Convicted person","Total","Number",":",""
"2016","Ireland","Sexual assault","Convicted person","Total","Number",":",""
"2016","Greece","Intentional homicide","Convicted person","Total","Number",":",""
"2016","Greece","Rape","Convicted person","Total","Number",":",""
"2016","Greece","Sexual assault","Convicted person","Total","Number",":",""
"2016","Spain","Intentional homicide","Convicted person","Total","Number","190",""
"2016","Spain","Rape","Convicted person","Total","Number","52",""
"2016","Spain","Sexual assault","Convicted person","Total","Number","416",""
"2016","France","Intentional homicide","Convicted person","Total","Number","344",""
"2016","France","Rape","Convicted person","Total","Number","983",""
"2016","France","Sexual assault","Convicted person","Total","Number","5,135",""
"2016","Croatia","Intentional homicide","Convicted person","Total","Number","70",""
"2016","Croatia","Rape","Convicted person","Total","Number","86",""
"2016","Croatia","Sexual assault","Convicted person","Total","Number","30",""
"2016","Italy","Intentional homicide","Convicted person","Total","Number","612",""
"2016","Italy","Rape","Convicted person","Total","Number",":",""
"2016","Italy","Sexual assault","Convicted person","Total","Number",":",""
"2016","Cyprus","Intentional homicide","Convicted person","Total","Number","6",""
"2016","Cyprus","Rape","Convicted person","Total","Number","19",""
"2016","Cyprus","Sexual assault","Convicted person","Total","Number","27",""
"2016","Latvia","Intentional homicide","Convicted person","Total","Number","103",""
"2016","Latvia","Rape","Convicted person","Total","Number","52",""
"2016","Latvia","Sexual assault","Convicted person","Total","Number","22",""
"2016","Lithuania","Intentional homicide","Convicted person","Total","Number","145",""
"2016","Lithuania","Rape","Convicted person","Total","Number","79",""
"2016","Lithuania","Sexual assault","Convicted person","Total","Number","133",""
"2016","Luxembourg","Intentional homicide","Convicted person","Total","Number","2",""
"2016","Luxembourg","Rape","Convicted person","Total","Number","15",""
"2016","Luxembourg","Sexual assault","Convicted person","Total","Number","51",""
"2016","Hungary","Intentional homicide","Convicted person","Total","Number","112",""
"2016","Hungary","Rape","Convicted person","Total","Number","228",""
"2016","Hungary","Sexual assault","Convicted person","Total","Number","79",""
"2016","Malta","Intentional homicide","Convicted person","Total","Number","1",""
"2016","Malta","Rape","Convicted person","Total","Number",":",""
"2016","Malta","Sexual assault","Convicted person","Total","Number",":",""
"2016","Netherlands","Intentional homicide","Convicted person","Total","Number","479",""
"2016","Netherlands","Rape","Convicted person","Total","Number","268",""
"2016","Netherlands","Sexual assault","Convicted person","Total","Number","176",""
"2016","Austria","Intentional homicide","Convicted person","Total","Number","32",""
"2016","Austria","Rape","Convicted person","Total","Number","188",""
"2016","Austria","Sexual assault","Convicted person","Total","Number","133",""
"2016","Poland","Intentional homicide","Convicted person","Total","Number","257",""
"2016","Poland","Rape","Convicted person","Total","Number","409",""
"2016","Poland","Sexual assault","Convicted person","Total","Number","149",""
"2016","Portugal","Intentional homicide","Convicted person","Total","Number","93",""
"2016","Portugal","Rape","Convicted person","Total","Number","107",""
"2016","Portugal","Sexual assault","Convicted person","Total","Number","407",""
"2016","Romania","Intentional homicide","Convicted person","Total","Number","900",""
"2016","Romania","Rape","Convicted person","Total","Number","330",""
"2016","Romania","Sexual assault","Convicted person","Total","Number","21",""
"2016","Slovenia","Intentional homicide","Convicted person","Total","Number","22",""
"2016","Slovenia","Rape","Convicted person","Total","Number","10",""
"2016","Slovenia","Sexual assault","Convicted person","Total","Number","8",""
"2016","Slovakia","Intentional homicide","Convicted person","Total","Number","32",""
"2016","Slovakia","Rape","Convicted person","Total","Number","35",""
"2016","Slovakia","Sexual assault","Convicted person","Total","Number","16",""
"2016","Finland","Intentional homicide","Convicted person","Total","Number","54",""
"2016","Finland","Rape","Convicted person","Total","Number","206",""
"2016","Finland","Sexual assault","Convicted person","Total","Number","356",""
"2016","Sweden","Intentional homicide","Convicted person","Total","Number","168",""
"2016","Sweden","Rape","Convicted person","Total","Number","286",""
"2016","Sweden","Sexual assault","Convicted person","Total","Number","517",""
"2016","Iceland","Intentional homicide","Convicted person","Total","Number","1",""
"2016","Iceland","Rape","Convicted person","Total","Number",":",""
"2016","Iceland","Sexual assault","Convicted person","Total","Number",":",""
"2016","Liechtenstein","Intentional homicide","Convicted person","Total","Number",":",""
"2016","Liechtenstein","Rape","Convicted person","Total","Number",":",""
"2016","Liechtenstein","Sexual assault","Convicted person","Total","Number",":",""
"2016","Norway","Intentional homicide","Convicted person","Total","Number","26",""
"2016","Norway","Rape","Convicted person","Total","Number",":",""
"2016","Norway","Sexual assault","Convicted person","Total","Number",":",""
"2016","Switzerland","Intentional homicide","Convicted person","Total","Number","33",""
"2016","Switzerland","Rape","Convicted person","Total","Number","123",""
"2016","Switzerland","Sexual assault","Convicted person","Total","Number","568",""
"2016","England and Wales","Intentional homicide","Convicted person","Total","Number","295",""
"2016","England and Wales","Rape","Convicted person","Total","Number","3,507",""
"2016","England and Wales","Sexual assault","Convicted person","Total","Number",":",""
"2016","Scotland","Intentional homicide","Convicted person","Total","Number","29",""
"2016","Scotland","Rape","Convicted person","Total","Number","91",""
"2016","Scotland","Sexual assault","Convicted person","Total","Number","266",""
"2016","Northern Ireland (UK)","Intentional homicide","Convicted person","Total","Number","13",""
"2016","Northern Ireland (UK)","Rape","Convicted person","Total","Number","16",""
"2016","Northern Ireland (UK)","Sexual assault","Convicted person","Total","Number","163",""
"2016","Montenegro","Intentional homicide","Convicted person","Total","Number","11",""
"2016","Montenegro","Rape","Convicted person","Total","Number","7",""
"2016","Montenegro","Sexual assault","Convicted person","Total","Number","11",""
"2017","Belgium","Intentional homicide","Convicted person","Total","Number","99",""
"2017","Belgium","Rape","Convicted person","Total","Number","325",""
"2017","Belgium","Sexual assault","Convicted person","Total","Number","431",""
"2017","Bulgaria","Intentional homicide","Convicted person","Total","Number","76",""
"2017","Bulgaria","Rape","Convicted person","Total","Number","47",""
"2017","Bulgaria","Sexual assault","Convicted person","Total","Number","81",""
"2017","Czechia","Intentional homicide","Convicted person","Total","Number","82",""
"2017","Czechia","Rape","Convicted person","Total","Number","207",""
"2017","Czechia","Sexual assault","Convicted person","Total","Number","357",""
"2017","Denmark","Intentional homicide","Convicted person","Total","Number","33",""
"2017","Denmark","Rape","Convicted person","Total","Number","227",""
"2017","Denmark","Sexual assault","Convicted person","Total","Number","317",""
"2017","Germany (until 1990 former territory of the FRG)","Intentional homicide","Convicted person","Total","Number","298",""
"2017","Germany (until 1990 former territory of the FRG)","Rape","Convicted person","Total","Number","1,093",""
"2017","Germany (until 1990 former territory of the FRG)","Sexual assault","Convicted person","Total","Number","2,743",""
"2017","Estonia","Intentional homicide","Convicted person","Total","Number","29",""
"2017","Estonia","Rape","Convicted person","Total","Number","27",""
"2017","Estonia","Sexual assault","Convicted person","Total","Number","35",""
"2017","Ireland","Intentional homicide","Convicted person","Total","Number",":",""
"2017","Ireland","Rape","Convicted person","Total","Number",":",""
"2017","Ireland","Sexual assault","Convicted person","Total","Number",":",""
"2017","Greece","Intentional homicide","Convicted person","Total","Number",":",""
"2017","Greece","Rape","Convicted person","Total","Number",":",""
"2017","Greece","Sexual assault","Convicted person","Total","Number",":",""
"2017","Spain","Intentional homicide","Convicted person","Total","Number","194",""
"2017","Spain","Rape","Convicted person","Total","Number","25",""
"2017","Spain","Sexual assault","Convicted person","Total","Number","414",""
"2017","France","Intentional homicide","Convicted person","Total","Number","346",""
"2017","France","Rape","Convicted person","Total","Number","994",""
"2017","France","Sexual assault","Convicted person","Total","Number","5,272",""
"2017","Croatia","Intentional homicide","Convicted person","Total","Number","63",""
"2017","Croatia","Rape","Convicted person","Total","Number","86",""
"2017","Croatia","Sexual assault","Convicted person","Total","Number","32",""
"2017","Italy","Intentional homicide","Convicted person","Total","Number","590",""
"2017","Italy","Rape","Convicted person","Total","Number",":",""
"2017","Italy","Sexual assault","Convicted person","Total","Number",":",""
"2017","Cyprus","Intentional homicide","Convicted person","Total","Number","16",""
"2017","Cyprus","Rape","Convicted person","Total","Number","10",""
"2017","Cyprus","Sexual assault","Convicted person","Total","Number","12",""
"2017","Latvia","Intentional homicide","Convicted person","Total","Number","102",""
"2017","Latvia","Rape","Convicted person","Total","Number","57",""
"2017","Latvia","Sexual assault","Convicted person","Total","Number","24",""
"2017","Lithuania","Intentional homicide","Convicted person","Total","Number","148",""
"2017","Lithuania","Rape","Convicted person","Total","Number","78",""
"2017","Lithuania","Sexual assault","Convicted person","Total","Number","139",""
"2017","Luxembourg","Intentional homicide","Convicted person","Total","Number","1",""
"2017","Luxembourg","Rape","Convicted person","Total","Number","17",""
"2017","Luxembourg","Sexual assault","Convicted person","Total","Number","35",""
"2017","Hungary","Intentional homicide","Convicted person","Total","Number","91",""
"2017","Hungary","Rape","Convicted person","Total","Number","223",""
"2017","Hungary","Sexual assault","Convicted person","Total","Number","65",""
"2017","Malta","Intentional homicide","Convicted person","Total","Number","1",""
"2017","Malta","Rape","Convicted person","Total","Number",":",""
"2017","Malta","Sexual assault","Convicted person","Total","Number",":",""
"2017","Netherlands","Intentional homicide","Convicted person","Total","Number","550",""
"2017","Netherlands","Rape","Convicted person","Total","Number","266",""
"2017","Netherlands","Sexual assault","Convicted person","Total","Number","193",""
"2017","Austria","Intentional homicide","Convicted person","Total","Number","24",""
"2017","Austria","Rape","Convicted person","Total","Number","188",""
"2017","Austria","Sexual assault","Convicted person","Total","Number","161",""
"2017","Poland","Intentional homicide","Convicted person","Total","Number","210",""
"2017","Poland","Rape","Convicted person","Total","Number","402",""
"2017","Poland","Sexual assault","Convicted person","Total","Number","143",""
"2017","Portugal","Intentional homicide","Convicted person","Total","Number","63",""
"2017","Portugal","Rape","Convicted person","Total","Number","77",""
"2017","Portugal","Sexual assault","Convicted person","Total","Number","412",""
"2017","Romania","Intentional homicide","Convicted person","Total","Number","781",""
"2017","Romania","Rape","Convicted person","Total","Number","291",""
"2017","Romania","Sexual assault","Convicted person","Total","Number","33",""
"2017","Slovenia","Intentional homicide","Convicted person","Total","Number","21",""
"2017","Slovenia","Rape","Convicted person","Total","Number","13",""
"2017","Slovenia","Sexual assault","Convicted person","Total","Number","13",""
"2017","Slovakia","Intentional homicide","Convicted person","Total","Number","31",""
"2017","Slovakia","Rape","Convicted person","Total","Number","25",""
"2017","Slovakia","Sexual assault","Convicted person","Total","Number","18",""
"2017","Finland","Intentional homicide","Convicted person","Total","Number","48",""
"2017","Finland","Rape","Convicted person","Total","Number","185",""
"2017","Finland","Sexual assault","Convicted person","Total","Number","361",""
"2017","Sweden","Intentional homicide","Convicted person","Total","Number","143",""
"2017","Sweden","Rape","Convicted person","Total","Number","288",""
"2017","Sweden","Sexual assault","Convicted person","Total","Number","575",""
"2017","Iceland","Intentional homicide","Convicted person","Total","Number",":",""
"2017","Iceland","Rape","Convicted person","Total","Number",":",""
"2017","Iceland","Sexual assault","Convicted person","Total","Number",":",""
"2017","Liechtenstein","Intentional homicide","Convicted person","Total","Number",":",""
"2017","Liechtenstein","Rape","Convicted person","Total","Number",":",""
"2017","Liechtenstein","Sexual assault","Convicted person","Total","Number",":",""
"2017","Norway","Intentional homicide","Convicted person","Total","Number","31",""
"2017","Norway","Rape","Convicted person","Total","Number","212",""
"2017","Norway","Sexual assault","Convicted person","Total","Number","279",""
"2017","Switzerland","Intentional homicide","Convicted person","Total","Number","33",""
"2017","Switzerland","Rape","Convicted person","Total","Number","112",""
"2017","Switzerland","Sexual assault","Convicted person","Total","Number","621",""
"2017","England and Wales","Intentional homicide","Convicted person","Total","Number",":",""
"2017","England and Wales","Rape","Convicted person","Total","Number",":",""
"2017","England and Wales","Sexual assault","Convicted person","Total","Number",":",""
"2017","Scotland","Intentional homicide","Convicted person","Total","Number","30",""
"2017","Scotland","Rape","Convicted person","Total","Number","101",""
"2017","Scotland","Sexual assault","Convicted person","Total","Number","302",""
"2017","Northern Ireland (UK)","Intentional homicide","Convicted person","Total","Number","11",""
"2017","Northern Ireland (UK)","Rape","Convicted person","Total","Number","17",""
"2017","Northern Ireland (UK)","Sexual assault","Convicted person","Total","Number","147",""
"2017","Montenegro","Intentional homicide","Convicted person","Total","Number","12",""
"2017","Montenegro","Rape","Convicted person","Total","Number","5",""
"2017","Montenegro","Sexual assault","Convicted person","Total","Number","10",""
"2018","Belgium","Intentional homicide","Convicted person","Total","Number",":",""
"2018","Belgium","Rape","Convicted person","Total","Number",":",""
"2018","Belgium","Sexual assault","Convicted person","Total","Number",":",""
"2018","Bulgaria","Intentional homicide","Convicted person","Total","Number","72",""
"2018","Bulgaria","Rape","Convicted person","Total","Number","65",""
"2018","Bulgaria","Sexual assault","Convicted person","Total","Number","81",""
"2018","Czechia","Intentional homicide","Convicted person","Total","Number","103",""
"2018","Czechia","Rape","Convicted person","Total","Number","205",""
"2018","Czechia","Sexual assault","Convicted person","Total","Number","372",""
"2018","Denmark","Intentional homicide","Convicted person","Total","Number","32",""
"2018","Denmark","Rape","Convicted person","Total","Number","216",""
"2018","Denmark","Sexual assault","Convicted person","Total","Number","376",""
"2018","Germany (until 1990 former territory of the FRG)","Intentional homicide","Convicted person","Total","Number","297",""
"2018","Germany (until 1990 former territory of the FRG)","Rape","Convicted person","Total","Number","1,139",""
"2018","Germany (until 1990 former territory of the FRG)","Sexual assault","Convicted person","Total","Number","3,409",""
"2018","Estonia","Intentional homicide","Convicted person","Total","Number","28",""
"2018","Estonia","Rape","Convicted person","Total","Number","40",""
"2018","Estonia","Sexual assault","Convicted person","Total","Number","37",""
"2018","Ireland","Intentional homicide","Convicted person","Total","Number",":",""
"2018","Ireland","Rape","Convicted person","Total","Number",":",""
"2018","Ireland","Sexual assault","Convicted person","Total","Number",":",""
"2018","Greece","Intentional homicide","Convicted person","Total","Number",":",""
"2018","Greece","Rape","Convicted person","Total","Number",":",""
"2018","Greece","Sexual assault","Convicted person","Total","Number",":",""
"2018","Spain","Intentional homicide","Convicted person","Total","Number","160",""
"2018","Spain","Rape","Convicted person","Total","Number","35",""
"2018","Spain","Sexual assault","Convicted person","Total","Number","378",""
"2018","France","Intentional homicide","Convicted person","Total","Number","315",""
"2018","France","Rape","Convicted person","Total","Number","967",""
"2018","France","Sexual assault","Convicted person","Total","Number","5,304",""
"2018","Croatia","Intentional homicide","Convicted person","Total","Number","54",""
"2018","Croatia","Rape","Convicted person","Total","Number","85",""
"2018","Croatia","Sexual assault","Convicted person","Total","Number","29",""
"2018","Italy","Intentional homicide","Convicted person","Total","Number","672",""
"2018","Italy","Rape","Convicted person","Total","Number",":",""
"2018","Italy","Sexual assault","Convicted person","Total","Number",":",""
"2018","Cyprus","Intentional homicide","Convicted person","Total","Number","2",""
"2018","Cyprus","Rape","Convicted person","Total","Number","11",""
"2018","Cyprus","Sexual assault","Convicted person","Total","Number","24",""
"2018","Latvia","Intentional homicide","Convicted person","Total","Number","157",""
"2018","Latvia","Rape","Convicted person","Total","Number","53",""
"2018","Latvia","Sexual assault","Convicted person","Total","Number","33",""
"2018","Lithuania","Intentional homicide","Convicted person","Total","Number","114",""
"2018","Lithuania","Rape","Convicted person","Total","Number","60",""
"2018","Lithuania","Sexual assault","Convicted person","Total","Number","90",""
"2018","Luxembourg","Intentional homicide","Convicted person","Total","Number","0",""
"2018","Luxembourg","Rape","Convicted person","Total","Number","12",""
"2018","Luxembourg","Sexual assault","Convicted person","Total","Number","1",""
"2018","Hungary","Intentional homicide","Convicted person","Total","Number","86",""
"2018","Hungary","Rape","Convicted person","Total","Number","246",""
"2018","Hungary","Sexual assault","Convicted person","Total","Number","72",""
"2018","Malta","Intentional homicide","Convicted person","Total","Number","7",""
"2018","Malta","Rape","Convicted person","Total","Number","8",""
"2018","Malta","Sexual assault","Convicted person","Total","Number","8",""
"2018","Netherlands","Intentional homicide","Convicted person","Total","Number","585",""
"2018","Netherlands","Rape","Convicted person","Total","Number","298",""
"2018","Netherlands","Sexual assault","Convicted person","Total","Number","200",""
"2018","Austria","Intentional homicide","Convicted person","Total","Number","96",""
"2018","Austria","Rape","Convicted person","Total","Number","229",""
"2018","Austria","Sexual assault","Convicted person","Total","Number","519",""
"2018","Poland","Intentional homicide","Convicted person","Total","Number","173",""
"2018","Poland","Rape","Convicted person","Total","Number","376",""
"2018","Poland","Sexual assault","Convicted person","Total","Number","156",""
"2018","Portugal","Intentional homicide","Convicted person","Total","Number","78",""
"2018","Portugal","Rape","Convicted person","Total","Number","76",""
"2018","Portugal","Sexual assault","Convicted person","Total","Number","373",""
"2018","Romania","Intentional homicide","Convicted person","Total","Number","686",""
"2018","Romania","Rape","Convicted person","Total","Number","432",""
"2018","Romania","Sexual assault","Convicted person","Total","Number","29",""
"2018","Slovenia","Intentional homicide","Convicted person","Total","Number","35",""
"2018","Slovenia","Rape","Convicted person","Total","Number","10",""
"2018","Slovenia","Sexual assault","Convicted person","Total","Number","12",""
"2018","Slovakia","Intentional homicide","Convicted person","Total","Number","37",""
"2018","Slovakia","Rape","Convicted person","Total","Number","53",""
"2018","Slovakia","Sexual assault","Convicted person","Total","Number","42",""
"2018","Finland","Intentional homicide","Convicted person","Total","Number","40",""
"2018","Finland","Rape","Convicted person","Total","Number","181",""
"2018","Finland","Sexual assault","Convicted person","Total","Number","357",""
"2018","Sweden","Intentional homicide","Convicted person","Total","Number","170",""
"2018","Sweden","Rape","Convicted person","Total","Number","378",""
"2018","Sweden","Sexual assault","Convicted person","Total","Number","615",""
"2018","Iceland","Intentional homicide","Convicted person","Total","Number",":",""
"2018","Iceland","Rape","Convicted person","Total","Number","12",""
"2018","Iceland","Sexual assault","Convicted person","Total","Number",":",""
"2018","Liechtenstein","Intentional homicide","Convicted person","Total","Number",":",""
"2018","Liechtenstein","Rape","Convicted person","Total","Number",":",""
"2018","Liechtenstein","Sexual assault","Convicted person","Total","Number",":",""
"2018","Norway","Intentional homicide","Convicted person","Total","Number","24",""
"2018","Norway","Rape","Convicted person","Total","Number","214",""
"2018","Norway","Sexual assault","Convicted person","Total","Number","305",""
"2018","Switzerland","Intentional homicide","Convicted person","Total","Number","32",""
"2018","Switzerland","Rape","Convicted person","Total","Number","91",""
"2018","Switzerland","Sexual assault","Convicted person","Total","Number","481",""
"2018","England and Wales","Intentional homicide","Convicted person","Total","Number",":",""
"2018","England and Wales","Rape","Convicted person","Total","Number",":",""
"2018","England and Wales","Sexual assault","Convicted person","Total","Number",":",""
"2018","Scotland","Intentional homicide","Convicted person","Total","Number",":",""
"2018","Scotland","Rape","Convicted person","Total","Number",":",""
"2018","Scotland","Sexual assault","Convicted person","Total","Number",":",""
"2018","Northern Ireland (UK)","Intentional homicide","Convicted person","Total","Number","16",""
"2018","Northern Ireland (UK)","Rape","Convicted person","Total","Number","9",""
"2018","Northern Ireland (UK)","Sexual assault","Convicted person","Total","Number","175",""
"2018","Montenegro","Intentional homicide","Convicted person","Total","Number","6",""
"2018","Montenegro","Rape","Convicted person","Total","Number","2",""
"2018","Montenegro","Sexual assault","Convicted person","Total","Number","8",""
"2019","Belgium","Intentional homicide","Convicted person","Total","Number",":",""
"2019","Belgium","Rape","Convicted person","Total","Number",":",""
"2019","Belgium","Sexual assault","Convicted person","Total","Number",":",""
"2019","Bulgaria","Intentional homicide","Convicted person","Total","Number","57",""
"2019","Bulgaria","Rape","Convicted person","Total","Number","40",""
"2019","Bulgaria","Sexual assault","Convicted person","Total","Number","90",""
"2019","Czechia","Intentional homicide","Convicted person","Total","Number","76",""
"2019","Czechia","Rape","Convicted person","Total","Number","224",""
"2019","Czechia","Sexual assault","Convicted person","Total","Number","385",""
"2019","Denmark","Intentional homicide","Convicted person","Total","Number","23",""
"2019","Denmark","Rape","Convicted person","Total","Number","257",""
"2019","Denmark","Sexual assault","Convicted person","Total","Number","691",""
"2019","Germany (until 1990 former territory of the FRG)","Intentional homicide","Convicted person","Total","Number","342",""
"2019","Germany (until 1990 former territory of the FRG)","Rape","Convicted person","Total","Number","1,198",""
"2019","Germany (until 1990 former territory of the FRG)","Sexual assault","Convicted person","Total","Number","3,743",""
"2019","Estonia","Intentional homicide","Convicted person","Total","Number","35",""
"2019","Estonia","Rape","Convicted person","Total","Number","44",""
"2019","Estonia","Sexual assault","Convicted person","Total","Number","21",""
"2019","Ireland","Intentional homicide","Convicted person","Total","Number",":",""
"2019","Ireland","Rape","Convicted person","Total","Number",":",""
"2019","Ireland","Sexual assault","Convicted person","Total","Number",":",""
"2019","Greece","Intentional homicide","Convicted person","Total","Number",":",""
"2019","Greece","Rape","Convicted person","Total","Number",":",""
"2019","Greece","Sexual assault","Convicted person","Total","Number",":",""
"2019","Spain","Intentional homicide","Convicted person","Total","Number","203",""
"2019","Spain","Rape","Convicted person","Total","Number","39",""
"2019","Spain","Sexual assault","Convicted person","Total","Number","417",""
"2019","France","Intentional homicide","Convicted person","Total","Number",":",""
"2019","France","Rape","Convicted person","Total","Number",":",""
"2019","France","Sexual assault","Convicted person","Total","Number",":",""
"2019","Croatia","Intentional homicide","Convicted person","Total","Number","75",""
"2019","Croatia","Rape","Convicted person","Total","Number","82",""
"2019","Croatia","Sexual assault","Convicted person","Total","Number","29",""
"2019","Italy","Intentional homicide","Convicted person","Total","Number",":",""
"2019","Italy","Rape","Convicted person","Total","Number",":",""
"2019","Italy","Sexual assault","Convicted person","Total","Number",":",""
"2019","Cyprus","Intentional homicide","Convicted person","Total","Number","7",""
"2019","Cyprus","Rape","Convicted person","Total","Number","5",""
"2019","Cyprus","Sexual assault","Convicted person","Total","Number","26",""
"2019","Latvia","Intentional homicide","Convicted person","Total","Number","121",""
"2019","Latvia","Rape","Convicted person","Total","Number","65",""
"2019","Latvia","Sexual assault","Convicted person","Total","Number","53",""
"2019","Lithuania","Intentional homicide","Convicted person","Total","Number","95",""
"2019","Lithuania","Rape","Convicted person","Total","Number","51",""
"2019","Lithuania","Sexual assault","Convicted person","Total","Number","48",""
"2019","Luxembourg","Intentional homicide","Convicted person","Total","Number","1",""
"2019","Luxembourg","Rape","Convicted person","Total","Number","18",""
"2019","Luxembourg","Sexual assault","Convicted person","Total","Number",":",""
"2019","Hungary","Intentional homicide","Convicted person","Total","Number","87",""
"2019","Hungary","Rape","Convicted person","Total","Number","233",""
"2019","Hungary","Sexual assault","Convicted person","Total","Number","72",""
"2019","Malta","Intentional homicide","Convicted person","Total","Number","7",""
"2019","Malta","Rape","Convicted person","Total","Number","8",""
"2019","Malta","Sexual assault","Convicted person","Total","Number","8",""
"2019","Netherlands","Intentional homicide","Convicted person","Total","Number","586",""
"2019","Netherlands","Rape","Convicted person","Total","Number","277",""
"2019","Netherlands","Sexual assault","Convicted person","Total","Number","232",""
"2019","Austria","Intentional homicide","Convicted person","Total","Number","108",""
"2019","Austria","Rape","Convicted person","Total","Number","195",""
"2019","Austria","Sexual assault","Convicted person","Total","Number","493",""
"2019","Poland","Intentional homicide","Convicted person","Total","Number",":",""
"2019","Poland","Rape","Convicted person","Total","Number",":",""
"2019","Poland","Sexual assault","Convicted person","Total","Number",":",""
"2019","Portugal","Intentional homicide","Convicted person","Total","Number","62",""
"2019","Portugal","Rape","Convicted person","Total","Number","88",""
"2019","Portugal","Sexual assault","Convicted person","Total","Number","398",""
"2019","Romania","Intentional homicide","Convicted person","Total","Number","735",""
"2019","Romania","Rape","Convicted person","Total","Number","432",""
"2019","Romania","Sexual assault","Convicted person","Total","Number","79",""
"2019","Slovenia","Intentional homicide","Convicted person","Total","Number","19",""
"2019","Slovenia","Rape","Convicted person","Total","Number","12",""
"2019","Slovenia","Sexual assault","Convicted person","Total","Number","12",""
"2019","Slovakia","Intentional homicide","Convicted person","Total","Number","36",""
"2019","Slovakia","Rape","Convicted person","Total","Number","56",""
"2019","Slovakia","Sexual assault","Convicted person","Total","Number","69",""
"2019","Finland","Intentional homicide","Convicted person","Total","Number","54",""
"2019","Finland","Rape","Convicted person","Total","Number","187",""
"2019","Finland","Sexual assault","Convicted person","Total","Number","341",""
"2019","Sweden","Intentional homicide","Convicted person","Total","Number","195",""
"2019","Sweden","Rape","Convicted person","Total","Number","476",""
"2019","Sweden","Sexual assault","Convicted person","Total","Number","646",""
"2019","Iceland","Intentional homicide","Convicted person","Total","Number",":",""
"2019","Iceland","Rape","Convicted person","Total","Number",":",""
"2019","Iceland","Sexual assault","Convicted person","Total","Number",":",""
"2019","Liechtenstein","Intentional homicide","Convicted person","Total","Number",":",""
"2019","Liechtenstein","Rape","Convicted person","Total","Number",":",""
"2019","Liechtenstein","Sexual assault","Convicted person","Total","Number",":",""
"2019","Norway","Intentional homicide","Convicted person","Total","Number","22",""
"2019","Norway","Rape","Convicted person","Total","Number","243",""
"2019","Norway","Sexual assault","Convicted person","Total","Number","275",""
"2019","Switzerland","Intentional homicide","Convicted person","Total","Number","17",""
"2019","Switzerland","Rape","Convicted person","Total","Number","80",""
"2019","Switzerland","Sexual assault","Convicted person","Total","Number","455",""
"2019","England and Wales","Intentional homicide","Convicted person","Total","Number",":",""
"2019","England and Wales","Rape","Convicted person","Total","Number",":",""
"2019","England and Wales","Sexual assault","Convicted person","Total","Number",":",""
"2019","Scotland","Intentional homicide","Convicted person","Total","Number",":",""
"2019","Scotland","Rape","Convicted person","Total","Number",":",""
"2019","Scotland","Sexual assault","Convicted person","Total","Number",":",""
"2019","Northern Ireland (UK)","Intentional homicide","Convicted person","Total","Number",":",""
"2019","Northern Ireland (UK)","Rape","Convicted person","Total","Number",":",""
"2019","Northern Ireland (UK)","Sexual assault","Convicted person","Total","Number",":",""
"2019","Montenegro","Intentional homicide","Convicted person","Total","Number","10",""
"2019","Montenegro","Rape","Convicted person","Total","Number","11",""
"2019","Montenegro","Sexual assault","Convicted person","Total","Number","20",""
